{
  "type": "FeatureCollection",
  "features": [

    { "type": "Feature", "geometry": { "type": "Point", "coordinates": [44.8056267, 41.6972943] },
      "properties": { "id": "site-0003", "city": "tbilisi", "name": { "en": "Solar Logos" }, "address": { "en": "4 Atoneli St" },
        "precision": "building", "access": "public", "visible_from_outside": true,
        "sources": [ { "id": "src-0006", "role": "location" }, { "id": "src-0005", "role": "identity" } ], "origin": "manual", "updated": "2026-10-08" } },
    { "type": "Feature", "geometry": { "type": "Point", "coordinates": [44.7982185, 41.7130475] },
      "properties": { "id": "site-0004", "city": "tbilisi", "name": { "en": "MonkeyBird mural" }, "address": { "en": "97 Mikheil Tsinamdzgvrishvili St" },
        "precision": "building", "access": "public", "visible_from_outside": true,
        "sources": [ { "id": "src-0006", "role": "location" }, { "id": "src-0005", "role": "identity" } ], "origin": "manual", "updated": "2026-10-08" } },
    { "type": "Feature", "geometry": { "type": "Point", "coordinates": [44.79332, 41.70119] },
      "properties": { "id": "site-0005", "city": "tbilisi", "name": { "en": "Seraphite" }, "address": { "en": "20 Griboyedov St" },
        "precision": "building", "access": "public", "visible_from_outside": true,
        "sources": [ { "id": "src-0007", "role": "location" }, { "id": "src-0005", "role": "identity" } ], "origin": "manual", "updated": "2026-10-08" } },
    { "type": "Feature", "geometry": { "type": "Point", "coordinates": [44.7696883, 41.7152842] },
      "properties": { "id": "site-0006", "city": "tbilisi", "name": { "en": "Zebras" }, "address": { "en": "39 Simon Chikovani St" },
        "precision": "building", "access": "public", "visible_from_outside": true,
        "sources": [ { "id": "src-0001", "role": "location" }, { "id": "src-0001", "role": "identity" } ], "origin": "manual", "updated": "2026-10-08" } },
    { "type": "Feature", "geometry": { "type": "Point", "coordinates": [44.80989, 41.70309] },
      "properties": { "id": "site-0007", "city": "tbilisi", "name": { "en": "Pirosmani mural" }, "address": { "en": "Mikheil Bukhaidze St" },
        "precision": "street", "access": "public", "visible_from_outside": true,
        "sources": [ { "id": "src-0007", "role": "location" }, { "id": "src-0007", "role": "identity" } ], "origin": "manual", "updated": "2026-10-08" } },

    { "type": "Feature", "geometry": { "type": "Point", "coordinates": [44.809439, 41.6969818] },
      "properties": { "id": "site-0008", "city": "tbilisi", "name": { "en": "Street art underpass" }, "address": { "en": "Underpass, Rustaveli area, Tbilisi" },
        "precision": "street", "access": "public", "visible_from_outside": true,
        "sources": [ { "id": "src-0001", "role": "location" }, { "id": "src-0001", "role": "identity" } ], "origin": "manual", "updated": "2026-10-08",
        "media": [
          {
            "source_id": "src-0002",
            "role": "photo",
            "depicts": "site",
            "url": "https://commons.wikimedia.org/wiki/File:Underpass_Gallery_Baratashvili_Bridge,_img_1.jpg",
            "direct_url": "https://upload.wikimedia.org/wikipedia/commons/d/dd/Underpass_Gallery_Baratashvili_Bridge%2C_img_1.jpg",
            "author": "Robot8A",
            "license": "CC BY-SA 4.0",
            "license_url": "https://creativecommons.org/licenses/by-sa/4.0",
            "attribution_required": true
          }
        ] } },
    { "type": "Feature", "geometry": { "type": "Point", "coordinates": [44.8049151, 41.6907748] },
      "properties": { "id": "site-0009", "city": "tbilisi", "name": { "en": "Ironcat" }, "address": { "en": "Old Town, Tbilisi" },
        "precision": "street", "access": "public", "visible_from_outside": true,
        "sources": [ { "id": "src-0001", "role": "location" }, { "id": "src-0001", "role": "identity" } ], "origin": "manual", "updated": "2026-10-08" } },
    { "type": "Feature", "geometry": { "type": "Point", "coordinates": [44.806574, 41.6920105] },
      "properties": { "id": "site-0010", "city": "tbilisi", "name": { "en": "Tbilisi Cat Power Station" }, "address": { "en": "Old Town, Tbilisi" },
        "precision": "street", "access": "public", "visible_from_outside": true,
        "sources": [ { "id": "src-0001", "role": "location" }, { "id": "src-0001", "role": "identity" } ], "origin": "manual", "updated": "2026-10-08" } },
    { "type": "Feature", "geometry": { "type": "Point", "coordinates": [44.7915868, 41.6903756] },
      "properties": { "id": "site-0011", "city": "tbilisi", "name": { "en": "Pink face" }, "address": { "en": "Chugureti, Tbilisi" },
        "precision": "street", "access": "public", "visible_from_outside": true,
        "sources": [ { "id": "src-0001", "role": "location" }, { "id": "src-0001", "role": "identity" } ], "origin": "manual", "updated": "2026-10-08" } },
    { "type": "Feature", "geometry": { "type": "Point", "coordinates": [44.7952626, 41.7439204] },
      "properties": { "id": "site-0012", "city": "tbilisi", "name": { "en": "Frida Kahlo" }, "address": { "en": "Vake, Tbilisi" },
        "precision": "street", "access": "public", "visible_from_outside": true,
        "sources": [ { "id": "src-0001", "role": "location" }, { "id": "src-0001", "role": "identity" } ], "origin": "manual", "updated": "2026-10-08" } },
    { "type": "Feature", "geometry": { "type": "Point", "coordinates": [44.7841999, 41.7477618] },
      "properties": { "id": "site-0013", "city": "tbilisi", "name": { "en": "And suddenly all the love songs were about you" }, "address": { "en": "Vake, Tbilisi" },
        "precision": "street", "access": "public", "visible_from_outside": true,
        "sources": [ { "id": "src-0001", "role": "location" }, { "id": "src-0001", "role": "identity" } ], "origin": "manual", "updated": "2026-10-08" } },
    { "type": "Feature", "geometry": { "type": "Point", "coordinates": [44.7816542, 41.7052922] },
      "properties": { "id": "site-0014", "city": "tbilisi", "name": { "en": "White cat" }, "address": { "en": "Saburtalo, Tbilisi" },
        "precision": "street", "access": "public", "visible_from_outside": true,
        "sources": [ { "id": "src-0001", "role": "location" }, { "id": "src-0001", "role": "identity" } ], "origin": "manual", "updated": "2026-10-08" } },
    { "type": "Feature", "geometry": { "type": "Point", "coordinates": [44.7987064, 41.7122718] },
      "properties": { "id": "site-0015", "city": "tbilisi", "name": { "en": "Squid" }, "address": { "en": "Mikheil Tsinamdzgvrishvili St 87" },
        "precision": "building", "access": "public", "visible_from_outside": true,
        "sources": [ { "id": "src-0001", "role": "location" }, { "id": "src-0007", "role": "identity" } ], "origin": "manual", "updated": "2026-10-08" } },

    { "type": "Feature", "geometry": { "type": "Point", "coordinates": [44.7997382, 41.706922] },
      "properties": { "id": "site-0016", "city": "tbilisi", "name": { "en": "House of Political Education mosaic" }, "address": { "en": "61 David Agmashenebeli Ave" },
        "precision": "building", "access": "public", "visible_from_outside": true,
        "sources": [ { "id": "src-0008", "role": "location" }, { "id": "src-0008", "role": "identity" } ], "origin": "manual", "updated": "2026-10-08" } },
    { "type": "Feature", "geometry": { "type": "Point", "coordinates": [44.7454718, 41.7261574] },
      "properties": { "id": "site-0017", "city": "tbilisi", "name": { "en": "Man, Labour - Palace of Trade Unions" }, "address": { "en": "43 Vazha Pshavela Ave" },
        "precision": "building", "access": "public", "visible_from_outside": true,
        "sources": [ { "id": "src-0008", "role": "location" }, { "id": "src-0008", "role": "identity" } ], "origin": "manual", "updated": "2026-10-08" } },
    { "type": "Feature", "geometry": { "type": "Point", "coordinates": [44.7870703, 41.7117997] },
      "properties": { "id": "site-0018", "city": "tbilisi", "name": { "en": "Laguna Vere frieze" }, "address": { "en": "34 Merab Kostava St" },
        "precision": "building", "access": "public", "visible_from_outside": true,
        "sources": [ { "id": "src-0008", "role": "location" }, { "id": "src-0008", "role": "identity" } ], "origin": "manual", "updated": "2026-10-08" } },
    { "type": "Feature", "geometry": { "type": "Point", "coordinates": [44.7785434, 41.7195821] },
      "properties": { "id": "site-0019", "city": "tbilisi", "name": { "en": "Technical University metro mosaic" }, "address": { "en": "Merab Kostava St (Technical University metro)" },
        "precision": "building", "access": "public", "visible_from_outside": true,
        "sources": [ { "id": "src-0008", "role": "location" }, { "id": "src-0008", "role": "identity" } ], "origin": "manual", "updated": "2026-10-08",
        "media": [
          {
            "source_id": "src-0002",
            "role": "photo",
            "depicts": "site",
            "url": "https://commons.wikimedia.org/wiki/File:Teknikuri_Universiteti_station_mosaic_panel.jpg",
            "direct_url": "https://upload.wikimedia.org/wikipedia/commons/5/58/Teknikuri_Universiteti_station_mosaic_panel.jpg",
            "author": "Vicuna R",
            "license": "CC BY-SA 2.0",
            "license_url": "https://creativecommons.org/licenses/by-sa/2.0",
            "attribution_required": true,
            "credit": "https://www.flickr.com/photos/144510328@N03/30578689501/"
          }
        ] } },
    { "type": "Feature", "geometry": { "type": "Point", "coordinates": [44.8331854, 41.6743162] },
      "properties": { "id": "site-0020", "city": "tbilisi", "name": { "en": "Emergency Service 112 facade mosaic" }, "address": { "en": "34 Vakhtang Gorgasali St" },
        "precision": "building", "access": "public", "visible_from_outside": true,
        "sources": [ { "id": "src-0008", "role": "location" }, { "id": "src-0008", "role": "identity" } ], "origin": "manual", "updated": "2026-10-08" } },

    { "type": "Feature", "geometry": { "type": "Point", "coordinates": [44.8046026, 41.6881203] },
      "properties": { "id": "site-0021", "city": "tbilisi", "name": { "en": "Kartlis Deda (Mother of Georgia)" }, "address": { "en": "Sololaki Hill" },
        "precision": "building", "access": "public", "visible_from_outside": true,
        "sources": [ { "id": "src-0001", "role": "location" }, { "id": "src-0003", "role": "identity" } ], "origin": "manual", "updated": "2026-10-08",
        "media": [
          {
            "source_id": "src-0002",
            "role": "photo",
            "depicts": "site",
            "url": "https://commons.wikimedia.org/wiki/File:Kartlis_Deda_-_Mother_of_a_Kartli_or_Mother_of_a_Georgian_-_Photo_by_Mostafa_Meraji_03.jpg",
            "direct_url": "https://upload.wikimedia.org/wikipedia/commons/a/ac/Kartlis_Deda_-_Mother_of_a_Kartli_or_Mother_of_a_Georgian_-_Photo_by_Mostafa_Meraji_03.jpg",
            "author": "Mostafameraji",
            "license": "CC BY-SA 4.0",
            "license_url": "https://creativecommons.org/licenses/by-sa/4.0",
            "attribution_required": true
          }
        ] } },
    { "type": "Feature", "geometry": { "type": "Point", "coordinates": [44.8014958, 41.6934017] },
      "properties": { "id": "site-0022", "city": "tbilisi", "name": { "en": "Freedom Monument (Saint George)" }, "address": { "en": "Freedom Square" },
        "precision": "building", "access": "public", "visible_from_outside": true,
        "sources": [ { "id": "src-0001", "role": "location" }, { "id": "src-0003", "role": "identity" } ], "origin": "manual", "updated": "2026-10-08",
        "media": [
          {
            "source_id": "src-0002",
            "role": "photo",
            "depicts": "site",
            "url": "https://commons.wikimedia.org/wiki/File:Tbilisi_-_Freedom_Square_-_2025-10_-_p17.jpg",
            "direct_url": "https://upload.wikimedia.org/wikipedia/commons/0/05/Tbilisi_-_Freedom_Square_-_2025-10_-_p17.jpg",
            "author": "Александр Сигачёв",
            "license": "CC0",
            "license_url": "http://creativecommons.org/publicdomain/zero/1.0/deed.en",
            "attribution_required": false
          }
        ] } },
    { "type": "Feature", "geometry": { "type": "Point", "coordinates": [44.8103982, 41.770666] },
      "properties": { "id": "site-0023", "city": "tbilisi", "name": { "en": "Chronicle of Georgia" }, "address": { "en": "93 Mukhrani St" },
        "precision": "building", "access": "public", "visible_from_outside": true,
        "sources": [ { "id": "src-0001", "role": "location" }, { "id": "src-0003", "role": "identity" } ], "origin": "manual", "updated": "2026-10-08",
        "media": [
          {
            "source_id": "src-0002",
            "role": "photo",
            "depicts": "site",
            "url": "https://commons.wikimedia.org/wiki/File:Chronicle_of_Georgia_-_Fragment.jpg",
            "direct_url": "https://upload.wikimedia.org/wikipedia/commons/d/dc/Chronicle_of_Georgia_-_Fragment.jpg",
            "author": "Eka Samkharadze",
            "license": "CC BY-SA 4.0",
            "license_url": "https://creativecommons.org/licenses/by-sa/4.0",
            "attribution_required": true
          }
        ] } },
    { "type": "Feature", "geometry": { "type": "Point", "coordinates": [44.8107358, 41.6903215] },
      "properties": { "id": "site-0024", "city": "tbilisi", "name": { "en": "Vakhtang Gorgasali Monument" }, "address": { "en": "Metekhi" },
        "precision": "street", "access": "public", "visible_from_outside": true,
        "sources": [ { "id": "src-0001", "role": "location" }, { "id": "src-0001", "role": "identity" } ], "origin": "manual", "updated": "2026-10-08",
        "media": [
          {
            "source_id": "src-0002",
            "role": "photo",
            "depicts": "site",
            "url": "https://commons.wikimedia.org/wiki/File:Tbilisoba_2014_09.JPG",
            "direct_url": "https://upload.wikimedia.org/wikipedia/commons/b/b8/Tbilisoba_2014_09.JPG",
            "author": "Kober",
            "license": "CC BY-SA 4.0",
            "license_url": "https://creativecommons.org/licenses/by-sa/4.0",
            "attribution_required": true
          }
        ] } },
    { "type": "Feature", "geometry": { "type": "Point", "coordinates": [44.8156328, 41.69186] },
      "properties": { "id": "site-0025", "city": "tbilisi", "name": { "en": "Mimino Monument" }, "address": { "en": "Avlabari Square" },
        "precision": "building", "access": "public", "visible_from_outside": true,
        "sources": [ { "id": "src-0001", "role": "location" }, { "id": "src-0003", "role": "identity" } ], "origin": "manual", "updated": "2026-10-08" } },

    { "type": "Feature", "geometry": { "type": "Point", "coordinates": [44.7974128, 41.7047793] },
      "properties": { "id": "site-0026", "city": "tbilisi", "name": { "en": "Apartment house, D. Uznadze St 4" }, "address": { "en": "D. Uznadze St 4" },
        "precision": "building", "access": "public", "visible_from_outside": true,
        "sources": [ { "id": "src-0009", "role": "location" }, { "id": "src-0009", "role": "identity" } ], "origin": "manual", "updated": "2026-10-08" } },
    { "type": "Feature", "geometry": { "type": "Point", "coordinates": [44.8014360666275, 41.7036178864297] },
      "properties": { "id": "site-0027", "city": "tbilisi", "name": { "en": "Apartment house, D. Uznadze St 2" }, "address": { "en": "D. Uznadze St 2" },
        "precision": "building", "access": "public", "visible_from_outside": true,
        "sources": [ { "id": "src-0009", "role": "location" }, { "id": "src-0009", "role": "identity" } ], "origin": "manual", "updated": "2026-10-08" } },
    { "type": "Feature", "geometry": { "type": "Point", "coordinates": [44.7855091, 41.7075067] },
      "properties": { "id": "site-0028", "city": "tbilisi", "name": { "en": "State Philharmonics" }, "address": { "en": "P. Melikishvili St 1" },
        "precision": "building", "access": "ticket_required", "visible_from_outside": true,
        "sources": [ { "id": "src-0009", "role": "location" }, { "id": "src-0009", "role": "identity" } ], "origin": "manual", "updated": "2026-10-08",
        "media": [
          {
            "source_id": "src-0002",
            "role": "photo",
            "depicts": "site",
            "url": "https://commons.wikimedia.org/wiki/File:Tbilisi_Concert_Hall.jpg",
            "direct_url": "https://upload.wikimedia.org/wikipedia/commons/9/92/Tbilisi_Concert_Hall.jpg",
            "author": "Michael Bourgault from USA",
            "license": "CC BY-SA 2.0",
            "license_url": "https://creativecommons.org/licenses/by-sa/2.0",
            "attribution_required": true,
            "credit": "meeting a friend tonight - no 1 (1 of 1)"
          }
        ] } },
    { "type": "Feature", "geometry": { "type": "Point", "coordinates": [44.7689974, 41.8059975] },
      "properties": { "id": "site-0029", "city": "tbilisi", "name": { "en": "Georgian Agricultural Institute" }, "address": { "en": "David Agmashenebeli Alley 13 km" },
        "precision": "building", "access": "public", "visible_from_outside": true,
        "sources": [ { "id": "src-0009", "role": "location" }, { "id": "src-0009", "role": "identity" } ], "origin": "manual", "updated": "2026-10-08" } },
    { "type": "Feature", "geometry": { "type": "Point", "coordinates": [44.7876495, 41.7083076] },
      "properties": { "id": "site-0030", "city": "tbilisi", "name": { "en": "Tbilisi Chess Palace and Alpine Club" }, "address": { "en": "Vake, Tbilisi" },
        "precision": "street", "access": "public", "visible_from_outside": true,
        "sources": [ { "id": "src-0009", "role": "location" }, { "id": "src-0009", "role": "identity" } ], "origin": "manual", "updated": "2026-10-08" } },

    { "type": "Feature", "geometry": { "type": "Point", "coordinates": [41.6430656, 41.6555764] },
      "properties": { "id": "site-0031", "city": "batumi", "name": { "en": "Ali and Nino" }, "address": { "en": "Batumi Boulevard" },
        "precision": "building", "access": "public", "visible_from_outside": true,
        "sources": [ { "id": "src-0001", "role": "location" }, { "id": "src-0003", "role": "identity" } ], "origin": "manual", "updated": "2026-10-08",
        "media": [
          {
            "source_id": "src-0002",
            "role": "photo",
            "depicts": "site",
            "url": "https://commons.wikimedia.org/wiki/File:Batumi_Dec_2019_08_34_16_699000.jpeg",
            "direct_url": "https://upload.wikimedia.org/wikipedia/commons/2/22/Batumi_Dec_2019_08_34_16_699000.jpeg",
            "author": "Robot8A",
            "license": "CC BY-SA 4.0",
            "license_url": "https://creativecommons.org/licenses/by-sa/4.0",
            "attribution_required": true
          }
        ] } },
    { "type": "Feature", "geometry": { "type": "Point", "coordinates": [41.614176, 41.640874] },
      "properties": { "id": "site-0032", "city": "batumi", "name": { "en": "Rotation" }, "address": { "en": "Near House of Justice, Batumi" },
        "precision": "street", "access": "public", "visible_from_outside": true,
        "sources": [ { "id": "src-0007", "role": "location" }, { "id": "src-0010", "role": "identity" } ], "origin": "manual", "updated": "2026-10-08" } },
    { "type": "Feature", "geometry": { "type": "Point", "coordinates": [41.594355, 41.624537] },
      "properties": { "id": "site-0033", "city": "batumi", "name": { "en": "Art object WHERE" }, "address": { "en": "Batumi" },
        "precision": "street", "access": "public", "visible_from_outside": true,
        "sources": [ { "id": "src-0007", "role": "location" }, { "id": "src-0007", "role": "identity" } ], "origin": "manual", "updated": "2026-10-08" } },
    { "type": "Feature", "geometry": { "type": "Point", "coordinates": [41.639457, 41.656908] },
      "properties": { "id": "site-0034", "city": "batumi", "name": { "en": "Sculpture Explorer" }, "address": { "en": "Batumi" },
        "precision": "street", "access": "public", "visible_from_outside": true,
        "sources": [ { "id": "src-0007", "role": "location" }, { "id": "src-0007", "role": "identity" } ], "origin": "manual", "updated": "2026-10-08" } },
    { "type": "Feature", "geometry": { "type": "Point", "coordinates": [44.809467, 41.6933332] },
      "properties": { "id": "site-0035", "city": "tbilisi", "name": { "en": "Piano (როიალი)" }, "address": { "en": "Old Town, Tbilisi" },
        "precision": "street", "access": "public", "visible_from_outside": true,
        "sources": [ { "id": "src-0001", "role": "location" }, { "id": "src-0001", "role": "identity" } ], "origin": "manual", "updated": "2026-10-08" } },
    { "type": "Feature", "geometry": { "type": "Point", "coordinates": [44.77863, 41.7423098] },
      "properties": { "id": "site-0036", "city": "tbilisi", "name": { "en": "m2" }, "address": { "en": "Saburtalo, Tbilisi" },
        "precision": "street", "access": "public", "visible_from_outside": true,
        "sources": [ { "id": "src-0001", "role": "location" }, { "id": "src-0001", "role": "identity" } ], "origin": "manual", "updated": "2026-10-08" } },
    { "type": "Feature", "geometry": { "type": "Point", "coordinates": [44.7915142, 41.704488] },
      "properties": { "id": "site-0037", "city": "tbilisi", "name": { "en": "Bicycle monument" }, "address": { "en": "Krtsanisi, Tbilisi" },
        "precision": "street", "access": "public", "visible_from_outside": true,
        "sources": [ { "id": "src-0001", "role": "location" }, { "id": "src-0001", "role": "identity" } ], "origin": "manual", "updated": "2026-10-08" } },

    { "type": "Feature", "geometry": { "type": "Point", "coordinates": [44.6749439, 41.8385525] },
      "properties": { "id": "site-0038", "city": "mtskheta", "name": { "en": "Armaziskhevi Complex" }, "address": { "en": "Armaziskhevi, Mtskheta" },
        "precision": "approximate", "access": "public", "visible_from_outside": true,
        "sources": [ { "id": "src-0001", "role": "location" }, { "id": "src-0003", "role": "identity" } ], "origin": "manual", "updated": "2026-10-08" } },
    { "type": "Feature", "geometry": { "type": "Point", "coordinates": [43.7367217, 41.9934742] },
      "properties": { "id": "site-0039", "city": "khashuri", "name": { "en": "Tsromi church" }, "address": { "en": "Tsromi, Khashuri Municipality" },
        "precision": "building", "access": "public", "visible_from_outside": true,
        "sources": [ { "id": "src-0001", "role": "location" }, { "id": "src-0003", "role": "identity" } ], "origin": "manual", "updated": "2026-10-08" } },
    { "type": "Feature", "geometry": { "type": "Point", "coordinates": [44.7192767, 41.8453114] },
      "properties": { "id": "site-0040", "city": "mtskheta", "name": { "en": "Mtskheta Archaeological Museum" }, "address": { "en": "Karibche St, Mtskheta" },
        "precision": "building", "access": "ticket_required", "visible_from_outside": true,
        "sources": [ { "id": "src-0001", "role": "location" }, { "id": "src-0002", "role": "identity" } ], "origin": "manual", "updated": "2026-10-08" } },
    { "type": "Feature", "geometry": { "type": "Point", "coordinates": [44.8002209, 41.6960428] },
      "properties": { "id": "site-0041", "city": "tbilisi", "name": { "en": "Georgian National Museum" }, "address": { "en": "Rustaveli Ave, Tbilisi" },
        "precision": "building", "access": "ticket_required", "visible_from_outside": true,
        "sources": [ { "id": "src-0001", "role": "location" }, { "id": "src-0002", "role": "identity" } ], "origin": "manual", "updated": "2026-10-08" } },
    { "type": "Feature", "geometry": { "type": "Point", "coordinates": [44.7741, 41.4834] },
      "properties": { "id": "site-0042", "city": "marneuli", "name": { "en": "Qizilajlo village mosaic" }, "address": { "en": "Qizilajlo, Marneuli Municipality" },
        "precision": "approximate", "access": "public", "visible_from_outside": true,
        "sources": [ { "id": "src-0002", "role": "location" }, { "id": "src-0002", "role": "identity" } ], "origin": "manual", "updated": "2026-10-08" } },
    { "type": "Feature", "geometry": { "type": "Point", "coordinates": [44.7974879, 41.7072483] },
      "properties": { "id": "site-0043", "city": "tbilisi", "name": { "en": "Kindergarten #95" }, "address": { "en": "Dodo Abashidze St 4" },
        "precision": "building", "access": "restricted", "visible_from_outside": true,
        "sources": [ { "id": "src-0008", "role": "identity" }, { "id": "src-0008", "role": "location" } ], "origin": "manual", "updated": "2026-10-08" } },
    { "type": "Feature", "geometry": { "type": "Point", "coordinates": [44.8301867, 41.6752879] },
      "properties": { "id": "site-0044", "city": "tbilisi", "name": { "en": "Decorative panel with hunting scene (free-standing)" }, "address": { "en": "Gulia Square" },
        "precision": "exact", "access": "public", "visible_from_outside": true,
        "sources": [ { "id": "src-0008", "role": "identity" }, { "id": "src-0008", "role": "location" } ], "origin": "manual", "updated": "2026-10-08" } },
    { "type": "Feature", "geometry": { "type": "Point", "coordinates": [44.8341215, 41.6751096] },
      "properties": { "id": "site-0045", "city": "tbilisi", "name": { "en": "Central Bus Station mosaic" }, "address": { "en": "D. Gulia St 1" },
        "precision": "building", "access": "public", "visible_from_outside": true,
        "sources": [ { "id": "src-0008", "role": "identity" }, { "id": "src-0008", "role": "location" } ], "origin": "manual", "updated": "2026-10-08" } },
    { "type": "Feature", "geometry": { "type": "Point", "coordinates": [44.776631, 41.8267393] },
      "properties": { "id": "site-0046", "city": "tbilisi", "name": { "en": "Tbilisi Factory of Instruments (mosaic)" }, "address": { "en": "A. Managadze St 2" },
        "precision": "building", "access": "restricted", "visible_from_outside": true,
        "sources": [ { "id": "src-0008", "role": "identity" }, { "id": "src-0008", "role": "location" } ], "origin": "manual", "updated": "2026-10-08" } },
    { "type": "Feature", "geometry": { "type": "Point", "coordinates": [44.7926089, 41.7275536] },
      "properties": { "id": "site-0047", "city": "tbilisi", "name": { "en": "Former Central Fridge mosaic" }, "address": { "en": "Tevdore Mgvdeli St 27" },
        "precision": "building", "access": "restricted", "visible_from_outside": true,
        "sources": [ { "id": "src-0008", "role": "identity" }, { "id": "src-0008", "role": "location" } ], "origin": "manual", "updated": "2026-10-08" } },
    { "type": "Feature", "geometry": { "type": "Point", "coordinates": [44.7715133, 41.7118918] },
      "properties": { "id": "site-0048", "city": "tbilisi", "name": { "en": "Mziuri Park mosaic" }, "address": { "en": "I. Chavchavadze Ave 21" },
        "precision": "building", "access": "public", "visible_from_outside": true,
        "sources": [ { "id": "src-0008", "role": "identity" }, { "id": "src-0008", "role": "location" } ], "origin": "manual", "updated": "2026-10-08" } },
    { "type": "Feature", "geometry": { "type": "Point", "coordinates": [44.8017177, 41.6993484] },
      "properties": { "id": "site-0049", "city": "tbilisi", "name": { "en": "Pool mosaic in Gogla Leonidze Park" }, "address": { "en": "Atoneli St" },
        "precision": "building", "access": "public", "visible_from_outside": true,
        "sources": [ { "id": "src-0008", "role": "identity" }, { "id": "src-0008", "role": "location" } ], "origin": "manual", "updated": "2026-10-08" } },
    { "type": "Feature", "geometry": { "type": "Point", "coordinates": [44.7828725, 41.7158522] },
      "properties": { "id": "site-0050", "city": "tbilisi", "name": { "en": "National Science Library mosaic" }, "address": { "en": "M. Aleksidze St 1/4" },
        "precision": "building", "access": "restricted", "visible_from_outside": true,
        "sources": [ { "id": "src-0008", "role": "identity" }, { "id": "src-0008", "role": "location" } ], "origin": "manual", "updated": "2026-10-08" } },
    { "type": "Feature", "geometry": { "type": "Point", "coordinates": [44.7889423, 41.7325079] },
      "properties": { "id": "site-0051", "city": "tbilisi", "name": { "en": "Former School Inventory Factory mosaic (dining room)" }, "address": { "en": "Kedia St 12" },
        "precision": "building", "access": "restricted", "visible_from_outside": false,
        "sources": [ { "id": "src-0008", "role": "identity" }, { "id": "src-0008", "role": "location" } ], "origin": "manual", "updated": "2026-10-08" } },
    { "type": "Feature", "geometry": { "type": "Point", "coordinates": [44.768984, 41.7083577] },
      "properties": { "id": "site-0052", "city": "tbilisi", "name": { "en": "Kindergarten #1 yard mosaic" }, "address": { "en": "Z. Paliashvili St 34" },
        "precision": "building", "access": "restricted", "visible_from_outside": true,
        "sources": [ { "id": "src-0008", "role": "identity" }, { "id": "src-0008", "role": "location" } ], "origin": "manual", "updated": "2026-10-08" } },
    { "type": "Feature", "geometry": { "type": "Point", "coordinates": [44.793309, 41.7007462] },
      "properties": { "id": "site-0053", "city": "tbilisi", "name": { "en": "Mosaic in private house yard" }, "address": { "en": "Griboedov St 20" },
        "precision": "building", "access": "restricted", "visible_from_outside": false,
        "sources": [ { "id": "src-0008", "role": "identity" }, { "id": "src-0008", "role": "location" } ], "origin": "manual", "updated": "2026-10-08" } },
    { "type": "Feature", "geometry": { "type": "Point", "coordinates": [44.8003042, 41.7914567] },
      "properties": { "id": "site-0054", "city": "tbilisi", "name": { "en": "Sarajishvili brandy factory mosaic" }, "address": { "en": "Saradjishvili Ave 4" },
        "precision": "building", "access": "restricted", "visible_from_outside": true,
        "sources": [ { "id": "src-0008", "role": "identity" }, { "id": "src-0008", "role": "location" } ], "origin": "manual", "updated": "2026-10-08" } },
    { "type": "Feature", "geometry": { "type": "Point", "coordinates": [44.7719425, 41.7221206] },
      "properties": { "id": "site-0055", "city": "tbilisi", "name": { "en": "Emergency Service 112 Saburtalo mosaic" }, "address": { "en": "S. Tsintsadze St 6" },
        "precision": "building", "access": "public", "visible_from_outside": true,
        "sources": [ { "id": "src-0008", "role": "identity" }, { "id": "src-0008", "role": "location" } ], "origin": "manual", "updated": "2026-10-08" } },
    { "type": "Feature", "geometry": { "type": "Point", "coordinates": [44.8493725, 41.6872833] },
      "properties": { "id": "site-0056", "city": "tbilisi", "name": { "en": "Former railway depot mosaic at Samgori" }, "address": { "en": "Kakheti Highway" },
        "precision": "building", "access": "restricted", "visible_from_outside": true,
        "sources": [ { "id": "src-0008", "role": "identity" }, { "id": "src-0008", "role": "location" } ], "origin": "manual", "updated": "2026-10-08" } },
    { "type": "Feature", "geometry": { "type": "Point", "coordinates": [44.7452518, 41.7122402] },
      "properties": { "id": "site-0057", "city": "tbilisi", "name": { "en": "Sport complex Neptune mosaic" }, "address": { "en": "I. Chavchavadze Ave 49a" },
        "precision": "building", "access": "restricted", "visible_from_outside": true,
        "sources": [ { "id": "src-0008", "role": "identity" }, { "id": "src-0008", "role": "location" } ], "origin": "manual", "updated": "2026-10-08" } },
    { "type": "Feature", "geometry": { "type": "Point", "coordinates": [44.747344, 41.7285345] },
      "properties": { "id": "site-0058", "city": "tbilisi", "name": { "en": "Kindergarten #63 mosaic" }, "address": { "en": "Nutsubidze St 42" },
        "precision": "building", "access": "restricted", "visible_from_outside": true,
        "sources": [ { "id": "src-0008", "role": "identity" }, { "id": "src-0008", "role": "location" } ], "origin": "manual", "updated": "2026-10-08" } },
    { "type": "Feature", "geometry": { "type": "Point", "coordinates": [44.8048854, 41.7937444] },
      "properties": { "id": "site-0059", "city": "tbilisi", "name": { "en": "Entrance mosaic of Tbilisi Mental Health Centre" }, "address": { "en": "M. Ipolitov-Ivanov St 43 (Gldani)" },
        "precision": "building", "access": "restricted", "visible_from_outside": true,
        "sources": [ { "id": "src-0008", "role": "identity" }, { "id": "src-0008", "role": "location" } ], "origin": "manual", "updated": "2026-10-08" } },
    { "type": "Feature", "geometry": { "type": "Point", "coordinates": [44.9094379, 41.6496352] },
      "properties": { "id": "site-0060", "city": "rustavi", "name": { "en": "Electric welding equipment factory mosaic" }, "address": { "en": "Rustavi Highway 36" },
        "precision": "building", "access": "restricted", "visible_from_outside": true,
        "sources": [ { "id": "src-0008", "role": "identity" }, { "id": "src-0008", "role": "location" } ], "origin": "manual", "updated": "2026-10-08" } },
    { "type": "Feature", "geometry": { "type": "Point", "coordinates": [41.6584933, 42.1422023] },
      "properties": { "id": "site-0061", "city": "poti", "name": { "en": "Pool mosaic in Kindergarten #16" }, "address": { "en": "Berdianski St / Tamar Mepe St" },
        "precision": "building", "access": "restricted", "visible_from_outside": true,
        "sources": [ { "id": "src-0008", "role": "identity" }, { "id": "src-0008", "role": "location" } ], "origin": "manual", "updated": "2026-10-08" } },
    { "type": "Feature", "geometry": { "type": "Point", "coordinates": [41.6237801, 41.64812] },
      "properties": { "id": "site-0062", "city": "batumi", "name": { "en": "Dolphinarium mosaic" }, "address": { "en": "Rustaveli Ave 51" },
        "precision": "building", "access": "restricted", "visible_from_outside": true,
        "sources": [ { "id": "src-0008", "role": "identity" }, { "id": "src-0008", "role": "location" } ], "origin": "manual", "updated": "2026-10-08" } },
    { "type": "Feature", "geometry": { "type": "Point", "coordinates": [43.3673126, 41.8296253] },
      "properties": { "id": "site-0063", "city": "borjomi", "name": { "en": "Pool mosaic in Borjomi park" }, "address": { "en": "at Rixos hotel, Borjomi" },
        "precision": "building", "access": "public", "visible_from_outside": true,
        "sources": [ { "id": "src-0008", "role": "identity" }, { "id": "src-0008", "role": "location" } ], "origin": "manual", "updated": "2026-10-08" } },
    { "type": "Feature", "geometry": { "type": "Point", "coordinates": [43.3790982, 41.8394057] },
      "properties": { "id": "site-0064", "city": "borjomi", "name": { "en": "Mosaic facade (Borjomi)" }, "address": { "en": "Borjomi" },
        "precision": "building", "access": "public", "visible_from_outside": true,
        "sources": [ { "id": "src-0008", "role": "identity" }, { "id": "src-0008", "role": "location" } ], "origin": "manual", "updated": "2026-10-08" } },
    { "type": "Feature", "geometry": { "type": "Point", "coordinates": [41.7779401, 41.845716] },
      "properties": { "id": "site-0065", "city": "kobuleti", "name": { "en": "Fountain mosaic complex" }, "address": { "en": "Kobuleti public park" },
        "precision": "building", "access": "public", "visible_from_outside": true,
        "sources": [ { "id": "src-0008", "role": "identity" }, { "id": "src-0008", "role": "location" } ], "origin": "manual", "updated": "2026-10-08" } },
    { "type": "Feature", "geometry": { "type": "Point", "coordinates": [43.0191565, 42.1178347] },
      "properties": { "id": "site-0066", "city": "zestaponi", "name": { "en": "Ferroalloy Plant mosaic" }, "address": { "en": "Ferro Alloy Factory territory" },
        "precision": "building", "access": "restricted", "visible_from_outside": true,
        "sources": [ { "id": "src-0008", "role": "identity" }, { "id": "src-0008", "role": "location" } ], "origin": "manual", "updated": "2026-10-08" } },
    { "type": "Feature", "geometry": { "type": "Point", "coordinates": [42.9434109, 42.1618129] },
      "properties": { "id": "site-0067", "city": "terjola", "name": { "en": "Former Champagne Factory mosaic" }, "address": { "en": "Terjola" },
        "precision": "building", "access": "restricted", "visible_from_outside": true,
        "sources": [ { "id": "src-0008", "role": "identity" }, { "id": "src-0008", "role": "location" } ], "origin": "manual", "updated": "2026-10-08" } },
    { "type": "Feature", "geometry": { "type": "Point", "coordinates": [43.6228573, 41.9902305] },
      "properties": { "id": "site-0068", "city": "khashuri", "name": { "en": "Former Loom and Haberdashery factory mosaic" }, "address": { "en": "Borjomi St 2" },
        "precision": "building", "access": "restricted", "visible_from_outside": true,
        "sources": [ { "id": "src-0008", "role": "identity" }, { "id": "src-0008", "role": "location" } ], "origin": "manual", "updated": "2026-10-08" } },
    { "type": "Feature", "geometry": { "type": "Point", "coordinates": [41.6746965, 42.1415082] },
      "properties": { "id": "site-0069", "city": "poti", "name": { "en": "Amphitheater mosaic in the park" }, "address": { "en": "Poti Central Park" },
        "precision": "exact", "access": "public", "visible_from_outside": true,
        "sources": [ { "id": "src-0008", "role": "identity" }, { "id": "src-0008", "role": "location" } ], "origin": "manual", "updated": "2026-10-08" } },
    { "type": "Feature", "geometry": { "type": "Point", "coordinates": [44.7262323, 41.8504553] },
      "properties": { "id": "site-0070", "city": "mtskheta", "name": { "en": "Decorative structure mosaic (Mtskheta Park)" }, "address": { "en": "Mtskheta Park" },
        "precision": "building", "access": "public", "visible_from_outside": true,
        "sources": [ { "id": "src-0008", "role": "identity" }, { "id": "src-0008", "role": "location" } ], "origin": "manual", "updated": "2026-10-08" } },
    { "type": "Feature", "geometry": { "type": "Point", "coordinates": [44.7787848, 41.7419128] },
      "properties": { "id": "site-0071", "city": "tbilisi", "name": { "en": "Expo Georgia mosaics (former VDNKh)" }, "address": { "en": "A. Tsereteli Ave 118" },
        "precision": "building", "access": "restricted", "visible_from_outside": true,
        "sources": [ { "id": "src-0008", "role": "identity" }, { "id": "src-0008", "role": "location" } ], "origin": "manual", "updated": "2026-10-08" } },
    { "type": "Feature", "geometry": { "type": "Point", "coordinates": [43.0287802, 42.117011] },
      "properties": { "id": "site-0072", "city": "zestaponi", "name": { "en": "Decorative Wall at Ferroalloy Plant" }, "address": { "en": "Ferro Alloy Factory Territory" },
        "precision": "building", "access": "restricted", "visible_from_outside": true,
        "sources": [ { "id": "src-0008", "role": "identity" }, { "id": "src-0008", "role": "location" } ], "origin": "manual", "updated": "2026-10-08" } },
    { "type": "Feature", "geometry": { "type": "Point", "coordinates": [43.0196714, 42.1175482] },
      "properties": { "id": "site-0073", "city": "zestaponi", "name": { "en": "Decorative Wall at Ferroalloy Plant" }, "address": { "en": "Ferro Alloy Factory Territory" },
        "precision": "building", "access": "restricted", "visible_from_outside": true,
        "sources": [ { "id": "src-0008", "role": "identity" }, { "id": "src-0008", "role": "location" } ], "origin": "manual", "updated": "2026-10-08" } },
    { "type": "Feature", "geometry": { "type": "Point", "coordinates": [44.7911525, 41.7181266] },
      "properties": { "id": "site-0074", "city": "tbilisi", "name": { "en": "David Agmashenebeli portrait mosaic (public building facade)" }, "address": { "en": "Crossroad of D. Agmashenebeli and Queen Tamar Ave" },
        "precision": "building", "access": "public", "visible_from_outside": true,
        "sources": [ { "id": "src-0008", "role": "identity" }, { "id": "src-0008", "role": "location" } ], "origin": "manual", "updated": "2026-10-08" } },
    { "type": "Feature", "geometry": { "type": "Point", "coordinates": [44.7514289617538, 41.7090485102802] },
      "properties": { "id": "site-0075", "city": "tbilisi", "name": { "en": "Victory Memorial mosaic (Vake Park)" }, "address": { "en": "I. Chavchavadze Ave (Vake Park)" },
        "precision": "building", "access": "public", "visible_from_outside": true,
        "sources": [ { "id": "src-0008", "role": "identity" }, { "id": "src-0008", "role": "location" } ], "origin": "manual", "updated": "2026-10-08" } },
    { "type": "Feature", "geometry": { "type": "Point", "coordinates": [44.9314159, 41.6907083] },
      "properties": { "id": "site-0076", "city": "tbilisi", "name": { "en": "Car repair center #16 facade mosaic" }, "address": { "en": "Merab Kostava St 106 / Kakheti Highway" },
        "precision": "building", "access": "restricted", "visible_from_outside": true,
        "sources": [ { "id": "src-0008", "role": "identity" }, { "id": "src-0008", "role": "location" } ], "origin": "manual", "updated": "2026-10-08" } },
    { "type": "Feature", "geometry": { "type": "Point", "coordinates": [44.7816468, 41.7404178] },
      "properties": { "id": "site-0077", "city": "tbilisi", "name": { "en": "Athlete Center mosaic" }, "address": { "en": "A. Tsereteli Ave 95a" },
        "precision": "building", "access": "restricted", "visible_from_outside": true,
        "sources": [ { "id": "src-0008", "role": "identity" }, { "id": "src-0008", "role": "location" } ], "origin": "manual", "updated": "2026-10-08" } },
    { "type": "Feature", "geometry": { "type": "Point", "coordinates": [41.6252339, 41.650056] },
      "properties": { "id": "site-0078", "city": "batumi", "name": { "en": "Octopus / Cafe Fantasy mosaic" }, "address": { "en": "Batumi Boulevard (in front of Batumi State University)" },
        "precision": "building", "access": "restricted", "visible_from_outside": true,
        "sources": [ { "id": "src-0008", "role": "identity" }, { "id": "src-0008", "role": "location" } ], "origin": "manual", "updated": "2026-10-08" } },
    { "type": "Feature", "geometry": { "type": "Point", "coordinates": [41.6193089, 41.6380157] },
      "properties": { "id": "site-0079", "city": "batumi", "name": { "en": "Wall mosaic at former Tobacco Factory" }, "address": { "en": "Tbel-Abuseridze St 11" },
        "precision": "building", "access": "restricted", "visible_from_outside": true,
        "sources": [ { "id": "src-0008", "role": "identity" }, { "id": "src-0008", "role": "location" } ], "origin": "manual", "updated": "2026-10-08" } },
    { "type": "Feature", "geometry": { "type": "Point", "coordinates": [41.6752249, 41.6554912] },
      "properties": { "id": "site-0080", "city": "batumi", "name": { "en": "Oil refining manufacture mosaic" }, "address": { "en": "Batumi, Benze settlement" },
        "precision": "building", "access": "restricted", "visible_from_outside": true,
        "sources": [ { "id": "src-0008", "role": "identity" }, { "id": "src-0008", "role": "location" } ], "origin": "manual", "updated": "2026-10-08" } },
    { "type": "Feature", "geometry": { "type": "Point", "coordinates": [41.6833761, 41.6596233] },
      "properties": { "id": "site-0081", "city": "batumi", "name": { "en": "Former kindergarten mosaic" }, "address": { "en": "Batumi, Benze settlement" },
        "precision": "building", "access": "restricted", "visible_from_outside": true,
        "sources": [ { "id": "src-0008", "role": "identity" }, { "id": "src-0008", "role": "location" } ], "origin": "manual", "updated": "2026-10-08" } },
    { "type": "Feature", "geometry": { "type": "Point", "coordinates": [41.6638952, 41.6406998] },
      "properties": { "id": "site-0082", "city": "batumi", "name": { "en": "Culture House mosaic (Boni settlement)" }, "address": { "en": "Gogol St, Boni Settlement" },
        "precision": "building", "access": "restricted", "visible_from_outside": true,
        "sources": [ { "id": "src-0008", "role": "identity" }, { "id": "src-0008", "role": "location" } ], "origin": "manual", "updated": "2026-10-08" } },
    { "type": "Feature", "geometry": { "type": "Point", "coordinates": [41.6576404, 41.6427704] },
      "properties": { "id": "site-0083", "city": "batumi", "name": { "en": "Bus stop mosaic (Boni settlement)" }, "address": { "en": "Mayakovsky St, Boni settlement" },
        "precision": "building", "access": "public", "visible_from_outside": true,
        "sources": [ { "id": "src-0008", "role": "identity" }, { "id": "src-0008", "role": "location" } ], "origin": "manual", "updated": "2026-10-08" } },
    { "type": "Feature", "geometry": { "type": "Point", "coordinates": [44.0798521, 42.1163865] },
      "properties": { "id": "site-0084", "city": "gori", "name": { "en": "Entrance to Dzevera fruit farming mosaic" }, "address": { "en": "Dzevera Farming" },
        "precision": "building", "access": "public", "visible_from_outside": true,
        "sources": [ { "id": "src-0008", "role": "identity" }, { "id": "src-0008", "role": "location" } ], "origin": "manual", "updated": "2026-10-08" } },
    { "type": "Feature", "geometry": { "type": "Point", "coordinates": [43.3865708, 41.8432463] },
      "properties": { "id": "site-0085", "city": "borjomi", "name": { "en": "Mineral water fountain mosaic" }, "address": { "en": "Borjomi" },
        "precision": "building", "access": "public", "visible_from_outside": true,
        "sources": [ { "id": "src-0008", "role": "identity" }, { "id": "src-0008", "role": "location" } ], "origin": "manual", "updated": "2026-10-08" } },
    { "type": "Feature", "geometry": { "type": "Point", "coordinates": [43.3930993, 41.8337743] },
      "properties": { "id": "site-0086", "city": "borjomi", "name": { "en": "Decorative wall mosaic (Borjomi Park)" }, "address": { "en": "Borjomi Park" },
        "precision": "building", "access": "public", "visible_from_outside": true,
        "sources": [ { "id": "src-0008", "role": "identity" }, { "id": "src-0008", "role": "location" } ], "origin": "manual", "updated": "2026-10-08" } },
    { "type": "Feature", "geometry": { "type": "Point", "coordinates": [44.7068238, 41.7240765] },
      "properties": { "id": "site-0087", "city": "tbilisi", "name": { "en": "Former Forestry Ministry laboratory mosaic (now National Assessment and Examinations Center)" }, "address": { "en": "Elizbar Mindeli St 9" },
        "precision": "building", "access": "restricted", "visible_from_outside": true,
        "sources": [ { "id": "src-0008", "role": "identity" }, { "id": "src-0008", "role": "location" } ], "origin": "manual", "updated": "2026-10-08" } },
    { "type": "Feature", "geometry": { "type": "Point", "coordinates": [42.6909989, 42.2334328] },
      "properties": { "id": "site-0088", "city": "kutaisi", "name": { "en": "Former tea pavilion mosaic" }, "address": { "en": "Nikea St 44" },
        "precision": "building", "access": "restricted", "visible_from_outside": true,
        "sources": [ { "id": "src-0008", "role": "identity" }, { "id": "src-0008", "role": "location" } ], "origin": "manual", "updated": "2026-10-08" } },
    { "type": "Feature", "geometry": { "type": "Point", "coordinates": [41.856156, 42.5493715] },
      "properties": { "id": "site-0089", "city": "zugdidi", "name": { "en": "Public School mosaic (Rukhi)" }, "address": { "en": "Village Rukhi" },
        "precision": "building", "access": "restricted", "visible_from_outside": true,
        "sources": [ { "id": "src-0008", "role": "identity" }, { "id": "src-0008", "role": "location" } ], "origin": "manual", "updated": "2026-10-08" } },
    { "type": "Feature", "geometry": { "type": "Point", "coordinates": [41.8577707, 42.5499959] },
      "properties": { "id": "site-0090", "city": "zugdidi", "name": { "en": "Decorative wall mosaic at former culture house (Rukhi)" }, "address": { "en": "Village Rukhi" },
        "precision": "building", "access": "restricted", "visible_from_outside": true,
        "sources": [ { "id": "src-0008", "role": "identity" }, { "id": "src-0008", "role": "location" } ], "origin": "manual", "updated": "2026-10-08" } },
    { "type": "Feature", "geometry": { "type": "Point", "coordinates": [41.8576178, 42.5517209] },
      "properties": { "id": "site-0091", "city": "zugdidi", "name": { "en": "Decorative walls mosaic at former House of Domestic Supplies (Rukhi)" }, "address": { "en": "Village Rukhi" },
        "precision": "building", "access": "restricted", "visible_from_outside": true,
        "sources": [ { "id": "src-0008", "role": "identity" }, { "id": "src-0008", "role": "location" } ], "origin": "manual", "updated": "2026-10-08" } },
    { "type": "Feature", "geometry": { "type": "Point", "coordinates": [45.7938159, 41.7447566] },
      "properties": { "id": "site-0092", "city": "gurjaani", "name": { "en": "Former bus station mosaic" }, "address": { "en": "Gurjaani main square" },
        "precision": "building", "access": "public", "visible_from_outside": true,
        "sources": [ { "id": "src-0008", "role": "identity" }, { "id": "src-0008", "role": "location" } ], "origin": "manual", "updated": "2026-10-08" } },
    { "type": "Feature", "geometry": { "type": "Point", "coordinates": [44.7927323, 41.7034377] },
      "properties": { "id": "site-0093", "city": "tbilisi", "name": { "en": "Wall mosaic in the underground passage (Rose Revolution Square)" }, "address": { "en": "Rose Revolution Square" },
        "precision": "building", "access": "restricted", "visible_from_outside": true,
        "sources": [ { "id": "src-0008", "role": "identity" }, { "id": "src-0008", "role": "location" } ], "origin": "manual", "updated": "2026-10-08" } },
    { "type": "Feature", "geometry": { "type": "Point", "coordinates": [44.7858364, 41.6956714] },
      "properties": { "id": "site-0094", "city": "tbilisi", "name": { "en": "Tbilisi TV/Radio Broadcasting administrative building mosaic" }, "address": { "en": "Mtatsminda Park" },
        "precision": "building", "access": "public", "visible_from_outside": true,
        "sources": [ { "id": "src-0008", "role": "identity" }, { "id": "src-0008", "role": "location" } ], "origin": "manual", "updated": "2026-10-08" } },
    { "type": "Feature", "geometry": { "type": "Point", "coordinates": [41.660859, 42.1496917] },
      "properties": { "id": "site-0095", "city": "poti", "name": { "en": "Dwelling house mosaic" }, "address": { "en": "Liepaia Street" },
        "precision": "building", "access": "restricted", "visible_from_outside": true,
        "sources": [ { "id": "src-0008", "role": "identity" }, { "id": "src-0008", "role": "location" } ], "origin": "manual", "updated": "2026-10-08" } },
    { "type": "Feature", "geometry": { "type": "Point", "coordinates": [41.6941077, 42.162974] },
      "properties": { "id": "site-0096", "city": "poti", "name": { "en": "Decorative structure mosaic" }, "address": { "en": "Kostava St (on the way to airport)" },
        "precision": "building", "access": "restricted", "visible_from_outside": true,
        "sources": [ { "id": "src-0008", "role": "identity" }, { "id": "src-0008", "role": "location" } ], "origin": "manual", "updated": "2026-10-08" } },
    { "type": "Feature", "geometry": { "type": "Point", "coordinates": [41.7002687, 41.675342] },
      "properties": { "id": "site-0097", "city": "makhinjauri", "name": { "en": "Public school mosaic (Makhinjauri)" }, "address": { "en": "Village Makhinjauri" },
        "precision": "building", "access": "restricted", "visible_from_outside": true,
        "sources": [ { "id": "src-0008", "role": "identity" }, { "id": "src-0008", "role": "location" } ], "origin": "manual", "updated": "2026-10-08" } },
    { "type": "Feature", "geometry": { "type": "Point", "coordinates": [41.6169941, 41.6205997] },
      "properties": { "id": "site-0098", "city": "batumi", "name": { "en": "Former Forestry farming mosaic" }, "address": { "en": "Stepanovka settlement" },
        "precision": "building", "access": "restricted", "visible_from_outside": true,
        "sources": [ { "id": "src-0008", "role": "identity" }, { "id": "src-0008", "role": "location" } ], "origin": "manual", "updated": "2026-10-08" } },
    { "type": "Feature", "geometry": { "type": "Point", "coordinates": [41.6354746, 41.6421089] },
      "properties": { "id": "site-0099", "city": "batumi", "name": { "en": "Public school #4 mosaic" }, "address": { "en": "Pushkin St 63" },
        "precision": "building", "access": "restricted", "visible_from_outside": true,
        "sources": [ { "id": "src-0008", "role": "identity" }, { "id": "src-0008", "role": "location" } ], "origin": "manual", "updated": "2026-10-08" } },
    { "type": "Feature", "geometry": { "type": "Point", "coordinates": [41.6409355, 41.6438467] },
      "properties": { "id": "site-0100", "city": "batumi", "name": { "en": "Entrance mosaic of living house (Pushkin 39)" }, "address": { "en": "Pushkin St 39" },
        "precision": "building", "access": "restricted", "visible_from_outside": true,
        "sources": [ { "id": "src-0008", "role": "identity" }, { "id": "src-0008", "role": "location" } ], "origin": "manual", "updated": "2026-10-08" } },
    { "type": "Feature", "geometry": { "type": "Point", "coordinates": [41.6395542, 41.6524209] },
      "properties": { "id": "site-0101", "city": "batumi", "name": { "en": "Entrance mosaic of living house (Akhmeteli 1)" }, "address": { "en": "Akhmeteli St 1" },
        "precision": "building", "access": "restricted", "visible_from_outside": true,
        "sources": [ { "id": "src-0008", "role": "identity" }, { "id": "src-0008", "role": "location" } ], "origin": "manual", "updated": "2026-10-08" } },
    { "type": "Feature", "geometry": { "type": "Point", "coordinates": [41.6383794, 41.6522686] },
      "properties": { "id": "site-0102", "city": "batumi", "name": { "en": "Entrance mosaic of living house (Akhmeteli 7)" }, "address": { "en": "Akhmeteli St 7" },
        "precision": "building", "access": "restricted", "visible_from_outside": true,
        "sources": [ { "id": "src-0008", "role": "identity" }, { "id": "src-0008", "role": "location" } ], "origin": "manual", "updated": "2026-10-08" } },
    { "type": "Feature", "geometry": { "type": "Point", "coordinates": [41.6377357, 41.6520141] },
      "properties": { "id": "site-0103", "city": "batumi", "name": { "en": "Entrance mosaic of living house (Akhmeteli 9)" }, "address": { "en": "Akhmeteli St 9" },
        "precision": "building", "access": "restricted", "visible_from_outside": true,
        "sources": [ { "id": "src-0008", "role": "identity" }, { "id": "src-0008", "role": "location" } ], "origin": "manual", "updated": "2026-10-08" } },
    { "type": "Feature", "geometry": { "type": "Point", "coordinates": [41.6694126, 41.6371517] },
      "properties": { "id": "site-0104", "city": "batumi", "name": { "en": "Former Lemon farming mosaic" }, "address": { "en": "Batumi" },
        "precision": "building", "access": "restricted", "visible_from_outside": true,
        "sources": [ { "id": "src-0008", "role": "identity" }, { "id": "src-0008", "role": "location" } ], "origin": "manual", "updated": "2026-10-08" } },
    { "type": "Feature", "geometry": { "type": "Point", "coordinates": [44.4529635, 42.4922695] },
      "properties": { "id": "site-0105", "city": "kobi", "name": { "en": "Memorial dedicated to Treaty of Georgievsk mosaic" }, "address": { "en": "On military Highway, near the Jvari Pass" },
        "precision": "building", "access": "public", "visible_from_outside": true,
        "sources": [ { "id": "src-0008", "role": "identity" }, { "id": "src-0008", "role": "location" } ], "origin": "manual", "updated": "2026-10-08" } },
    { "type": "Feature", "geometry": { "type": "Point", "coordinates": [44.7196287, 41.8452604] },
      "properties": { "id": "site-0106", "city": "mtskheta", "name": { "en": "Tree of Life monumental mosaic (Mtskheta)" }, "address": { "en": "Mtskheta" },
        "precision": "building", "access": "public", "visible_from_outside": true,
        "sources": [ { "id": "src-0008", "role": "identity" }, { "id": "src-0008", "role": "location" } ], "origin": "manual", "updated": "2026-10-08" } },
    { "type": "Feature", "geometry": { "type": "Point", "coordinates": [44.9613762, 41.7137699] },
      "properties": { "id": "site-0107", "city": "tbilisi", "name": { "en": "Former Alcohol Factory mosaic" }, "address": { "en": "Erekle Meore St, Didi Lilo settlement" },
        "precision": "building", "access": "restricted", "visible_from_outside": true,
        "sources": [ { "id": "src-0008", "role": "identity" }, { "id": "src-0008", "role": "location" } ], "origin": "manual", "updated": "2026-10-08" } },
    { "type": "Feature", "geometry": { "type": "Point", "coordinates": [44.9017078, 41.6868826] },
      "properties": { "id": "site-0108", "city": "tbilisi", "name": { "en": "Former Model Shoe factory mosaic" }, "address": { "en": "Kakheti Highway 65" },
        "precision": "building", "access": "restricted", "visible_from_outside": true,
        "sources": [ { "id": "src-0008", "role": "identity" }, { "id": "src-0008", "role": "location" } ], "origin": "manual", "updated": "2026-10-08" } },
    { "type": "Feature", "geometry": { "type": "Point", "coordinates": [42.1891469, 41.6271139] },
      "properties": { "id": "site-0109", "city": "shuakhevi", "name": { "en": "Village centre mosaic (Shuakhevi)" }, "address": { "en": "Shuakhevi" },
        "precision": "building", "access": "restricted", "visible_from_outside": true,
        "sources": [ { "id": "src-0008", "role": "identity" }, { "id": "src-0008", "role": "location" } ], "origin": "manual", "updated": "2026-10-08" } },
    { "type": "Feature", "geometry": { "type": "Point", "coordinates": [41.6243031, 41.6399681] },
      "properties": { "id": "site-0110", "city": "batumi", "name": { "en": "Fountain mosaic in the yard of Republic Hospital" }, "address": { "en": "Tbel Abuseridze St" },
        "precision": "building", "access": "restricted", "visible_from_outside": true,
        "sources": [ { "id": "src-0008", "role": "identity" }, { "id": "src-0008", "role": "location" } ], "origin": "manual", "updated": "2026-10-08" } },
    { "type": "Feature", "geometry": { "type": "Point", "coordinates": [45.5217728, 42.0391699] },
      "properties": { "id": "site-0111", "city": "telavi", "name": { "en": "Decorative wall mosaic (Napareuli entrance)" }, "address": { "en": "Napareuli entrance" },
        "precision": "building", "access": "public", "visible_from_outside": true,
        "sources": [ { "id": "src-0008", "role": "identity" }, { "id": "src-0008", "role": "location" } ], "origin": "manual", "updated": "2026-10-08" } },
    { "type": "Feature", "geometry": { "type": "Point", "coordinates": [42.1978131, 42.2066248] },
      "properties": { "id": "site-0112", "city": "abasha", "name": { "en": "Facade mosaic of the building (Abasha)" }, "address": { "en": "Abasha" },
        "precision": "building", "access": "public", "visible_from_outside": true,
        "sources": [ { "id": "src-0008", "role": "identity" }, { "id": "src-0008", "role": "location" } ], "origin": "manual", "updated": "2026-10-08" } },
    { "type": "Feature", "geometry": { "type": "Point", "coordinates": [42.8310853, 41.7551863] },
      "properties": { "id": "site-0113", "city": "abastumani", "name": { "en": "Decorative wall mosaic (Abastumani, Gelashvili)" }, "address": { "en": "Abastumani" },
        "precision": "building", "access": "public", "visible_from_outside": true,
        "sources": [ { "id": "src-0008", "role": "identity" }, { "id": "src-0008", "role": "location" } ], "origin": "manual", "updated": "2026-10-08" } },
    { "type": "Feature", "geometry": { "type": "Point", "coordinates": [42.8319356, 41.7531793] },
      "properties": { "id": "site-0114", "city": "abastumani", "name": { "en": "Decorative wall mosaic (Abastumani, Kurdiani)" }, "address": { "en": "Abastumani" },
        "precision": "building", "access": "public", "visible_from_outside": true,
        "sources": [ { "id": "src-0008", "role": "identity" }, { "id": "src-0008", "role": "location" } ], "origin": "manual", "updated": "2026-10-08" } },
    { "type": "Feature", "geometry": { "type": "Point", "coordinates": [43.4156299, 41.8586144] },
      "properties": { "id": "site-0115", "city": "borjomi", "name": { "en": "Bus stop mosaic (Kvibisi, near Borjomi)" }, "address": { "en": "Kvibisi, near Borjomi" },
        "precision": "building", "access": "public", "visible_from_outside": true,
        "sources": [ { "id": "src-0008", "role": "identity" }, { "id": "src-0008", "role": "location" } ], "origin": "manual", "updated": "2026-10-08" } },
    { "type": "Feature", "geometry": { "type": "Point", "coordinates": [44.794744, 41.6963543] },
      "properties": { "id": "site-0116", "city": "tbilisi", "name": { "en": "Cellar mosaic of a private house" }, "address": { "en": "V. Kotetishvili Turn 8" },
        "precision": "building", "access": "restricted", "visible_from_outside": false,
        "sources": [ { "id": "src-0008", "role": "identity" }, { "id": "src-0008", "role": "location" } ], "origin": "manual", "updated": "2026-10-08" } },
    { "type": "Feature", "geometry": { "type": "Point", "coordinates": [41.9566798, 41.9061338] },
      "properties": { "id": "site-0117", "city": "anaseuli", "name": { "en": "Kindergarten mosaic (village Naruja)" }, "address": { "en": "village Naruja" },
        "precision": "building", "access": "restricted", "visible_from_outside": true,
        "sources": [ { "id": "src-0008", "role": "identity" }, { "id": "src-0008", "role": "location" } ], "origin": "manual", "updated": "2026-10-08" } },
    { "type": "Feature", "geometry": { "type": "Point", "coordinates": [41.992946, 41.9236561] },
      "properties": { "id": "site-0118", "city": "ozurgeti", "name": { "en": "Former porcelain factory mosaic" }, "address": { "en": "Ozurgeti" },
        "precision": "building", "access": "restricted", "visible_from_outside": true,
        "sources": [ { "id": "src-0008", "role": "identity" }, { "id": "src-0008", "role": "location" } ], "origin": "manual", "updated": "2026-10-08" } },
    { "type": "Feature", "geometry": { "type": "Point", "coordinates": [41.6898, 41.6549822] },
      "properties": { "id": "site-0119", "city": "batumi", "name": { "en": "Facade decoration mosaic (Batumi)" }, "address": { "en": "Batumi" },
        "precision": "building", "access": "public", "visible_from_outside": true,
        "sources": [ { "id": "src-0008", "role": "identity" }, { "id": "src-0008", "role": "location" } ], "origin": "manual", "updated": "2026-10-08" } },
    { "type": "Feature", "geometry": { "type": "Point", "coordinates": [41.8763879, 42.5073245] },
      "properties": { "id": "site-0120", "city": "zugdidi", "name": { "en": "Pool and decorative wall mosaic (Zugdidi)" }, "address": { "en": "Zugdidi" },
        "precision": "building", "access": "public", "visible_from_outside": true,
        "sources": [ { "id": "src-0008", "role": "identity" }, { "id": "src-0008", "role": "location" } ], "origin": "manual", "updated": "2026-10-08" } },
    { "type": "Feature", "geometry": { "type": "Point", "coordinates": [44.5409077, 41.449717] },
      "properties": { "id": "site-0121", "city": "bolnisi", "name": { "en": "Former Cinema mosaic" }, "address": { "en": "Bolnisi" },
        "precision": "building", "access": "restricted", "visible_from_outside": true,
        "sources": [ { "id": "src-0008", "role": "identity" }, { "id": "src-0008", "role": "location" } ], "origin": "manual", "updated": "2026-10-08" } },
    { "type": "Feature", "geometry": { "type": "Point", "coordinates": [41.8323541, 42.5175364] },
      "properties": { "id": "site-0122", "city": "zugdidi", "name": { "en": "Sports Complex mosaic" }, "address": { "en": "David Janashia St 2" },
        "precision": "building", "access": "restricted", "visible_from_outside": true,
        "sources": [ { "id": "src-0008", "role": "identity" }, { "id": "src-0008", "role": "location" } ], "origin": "manual", "updated": "2026-10-08" } },
    { "type": "Feature", "geometry": { "type": "Point", "coordinates": [41.8572959, 42.5488143] },
      "properties": { "id": "site-0123", "city": "zugdidi", "name": { "en": "Bus stop mosaic (Rukhi)" }, "address": { "en": "Village Rukhi" },
        "precision": "building", "access": "public", "visible_from_outside": true,
        "sources": [ { "id": "src-0008", "role": "identity" }, { "id": "src-0008", "role": "location" } ], "origin": "manual", "updated": "2026-10-08" } },
    { "type": "Feature", "geometry": { "type": "Point", "coordinates": [41.8561915, 42.5586808] },
      "properties": { "id": "site-0124", "city": "zugdidi", "name": { "en": "Decorative wall mosaic (Rukhi)" }, "address": { "en": "Village Rukhi" },
        "precision": "building", "access": "public", "visible_from_outside": true,
        "sources": [ { "id": "src-0008", "role": "identity" }, { "id": "src-0008", "role": "location" } ], "origin": "manual", "updated": "2026-10-08" } },
    { "type": "Feature", "geometry": { "type": "Point", "coordinates": [41.983301, 41.910361] },
      "properties": { "id": "site-0125", "city": "ozurgeti", "name": { "en": "Abandoned Institute of Tea and Subtropical Crops mosaic" }, "address": { "en": "Village Anaseuli" },
        "precision": "building", "access": "restricted", "visible_from_outside": true,
        "sources": [ { "id": "src-0008", "role": "identity" }, { "id": "src-0008", "role": "location" } ], "origin": "manual", "updated": "2026-10-08" } },
    { "type": "Feature", "geometry": { "type": "Point", "coordinates": [44.7812766, 41.7334406] },
      "properties": { "id": "site-0126", "city": "tbilisi", "name": { "en": "Facade mosaic of a living house" }, "address": { "en": "N. Khosharauli St 22" },
        "precision": "building", "access": "restricted", "visible_from_outside": true,
        "sources": [ { "id": "src-0008", "role": "identity" }, { "id": "src-0008", "role": "location" } ], "origin": "manual", "updated": "2026-10-08" } },
    { "type": "Feature", "geometry": { "type": "Point", "coordinates": [44.7109812, 41.7202167] },
      "properties": { "id": "site-0127", "city": "tbilisi", "name": { "en": "Caucasus School of Business mosaic" }, "address": { "en": "A. Politkovskaia St 10" },
        "precision": "building", "access": "restricted", "visible_from_outside": true,
        "sources": [ { "id": "src-0008", "role": "identity" }, { "id": "src-0008", "role": "location" } ], "origin": "manual", "updated": "2026-10-08" } },
    { "type": "Feature", "geometry": { "type": "Point", "coordinates": [44.8334133, 41.6866662] },
      "properties": { "id": "site-0128", "city": "tbilisi", "name": { "en": "Fence mosaic of former Sewing Factory" }, "address": { "en": "Lech Kachinski St 3-5" },
        "precision": "building", "access": "restricted", "visible_from_outside": true,
        "sources": [ { "id": "src-0008", "role": "identity" }, { "id": "src-0008", "role": "location" } ], "origin": "manual", "updated": "2026-10-08" } },
    { "type": "Feature", "geometry": { "type": "Point", "coordinates": [44.7407726, 41.7079893] },
      "properties": { "id": "site-0129", "city": "tbilisi", "name": { "en": "Decorative wall mosaic" }, "address": { "en": "Chavchavadze Ave 80" },
        "precision": "building", "access": "public", "visible_from_outside": true,
        "sources": [ { "id": "src-0008", "role": "identity" }, { "id": "src-0008", "role": "location" } ], "origin": "manual", "updated": "2026-10-08" } },
    { "type": "Feature", "geometry": { "type": "Point", "coordinates": [41.658791, 41.580461] },
      "properties": { "id": "site-0130", "city": "khelvachauri", "name": { "en": "Bus stop mosaic (Khelvachauri)" }, "address": { "en": "Khelvachauri" },
        "precision": "building", "access": "public", "visible_from_outside": true,
        "sources": [ { "id": "src-0008", "role": "identity" }, { "id": "src-0008", "role": "location" } ], "origin": "manual", "updated": "2026-10-08" } },
    { "type": "Feature", "geometry": { "type": "Point", "coordinates": [44.9440867, 41.5937798] },
      "properties": { "id": "site-0131", "city": "rustavi", "name": { "en": "Free Decorative Structure mosaic" }, "address": { "en": "Rustavi" },
        "precision": "building", "access": "restricted", "visible_from_outside": true,
        "sources": [ { "id": "src-0008", "role": "identity" }, { "id": "src-0008", "role": "location" } ], "origin": "manual", "updated": "2026-10-08" } },
    { "type": "Feature", "geometry": { "type": "Point", "coordinates": [43.2703989, 42.2805395] },
      "properties": { "id": "site-0132", "city": "chiatura", "name": { "en": "Swimming Pool mosaic (Chiatura)" }, "address": { "en": "Chiatura" },
        "precision": "building", "access": "public", "visible_from_outside": true,
        "sources": [ { "id": "src-0008", "role": "identity" }, { "id": "src-0008", "role": "location" } ], "origin": "manual", "updated": "2026-10-08" } },
    { "type": "Feature", "geometry": { "type": "Point", "coordinates": [45.0123382, 41.6188211] },
      "properties": { "id": "site-0133", "city": "rustavi", "name": { "en": "Decorative wall at Poultry Breeding Farm entrance" }, "address": { "en": "Gamarjveba-Rustavi road" },
        "precision": "building", "access": "public", "visible_from_outside": true,
        "sources": [ { "id": "src-0008", "role": "identity" }, { "id": "src-0008", "role": "location" } ], "origin": "manual", "updated": "2026-10-08" } },
    { "type": "Feature", "geometry": { "type": "Point", "coordinates": [44.8038983, 41.7943963] },
      "properties": { "id": "site-0134", "city": "tbilisi", "name": { "en": "Former Police Academy Building mosaic" }, "address": { "en": "Mikheil Ipolitov-Ivanov St (Gldani)" },
        "precision": "building", "access": "restricted", "visible_from_outside": true,
        "sources": [ { "id": "src-0008", "role": "identity" }, { "id": "src-0008", "role": "location" } ], "origin": "manual", "updated": "2026-10-08" } },
    { "type": "Feature", "geometry": { "type": "Point", "coordinates": [43.2833433, 42.2901357] },
      "properties": { "id": "site-0135", "city": "chiatura", "name": { "en": "Facade of 1st public school mosaic" }, "address": { "en": "Chiatura" },
        "precision": "building", "access": "restricted", "visible_from_outside": true,
        "sources": [ { "id": "src-0008", "role": "identity" }, { "id": "src-0008", "role": "location" } ], "origin": "manual", "updated": "2026-10-08" } },
    { "type": "Feature", "geometry": { "type": "Point", "coordinates": [43.383379, 42.3304567] },
      "properties": { "id": "site-0136", "city": "chiatura", "name": { "en": "Petrol Station mosaic" }, "address": { "en": "Chiatura-Sachkhere Road" },
        "precision": "building", "access": "restricted", "visible_from_outside": true,
        "sources": [ { "id": "src-0008", "role": "identity" }, { "id": "src-0008", "role": "location" } ], "origin": "manual", "updated": "2026-10-08" } },
    { "type": "Feature", "geometry": { "type": "Point", "coordinates": [43.3891779, 42.3293423] },
      "properties": { "id": "site-0137", "city": "chiatura", "name": { "en": "Former cotton processing factory mosaic" }, "address": { "en": "Chiatura-Sachkhere Road" },
        "precision": "building", "access": "restricted", "visible_from_outside": true,
        "sources": [ { "id": "src-0008", "role": "identity" }, { "id": "src-0008", "role": "location" } ], "origin": "manual", "updated": "2026-10-08" } },
    { "type": "Feature", "geometry": { "type": "Point", "coordinates": [45.0396109, 41.5144582] },
      "properties": { "id": "site-0138", "city": "rustavi", "name": { "en": "Decorative wall at Rustavi Steel Works" }, "address": { "en": "Rustavi-Gardabani Highway" },
        "precision": "building", "access": "public", "visible_from_outside": true,
        "sources": [ { "id": "src-0008", "role": "identity" }, { "id": "src-0008", "role": "location" } ], "origin": "manual", "updated": "2026-10-08" } },
    { "type": "Feature", "geometry": { "type": "Point", "coordinates": [45.0598669, 41.4923619] },
      "properties": { "id": "site-0139", "city": "rustavi", "name": { "en": "Entry to former collective farming administration mosaic" }, "address": { "en": "Entry to village Birliki" },
        "precision": "building", "access": "restricted", "visible_from_outside": true,
        "sources": [ { "id": "src-0008", "role": "identity" }, { "id": "src-0008", "role": "location" } ], "origin": "manual", "updated": "2026-10-08" } },
    { "type": "Feature", "geometry": { "type": "Point", "coordinates": [45.0849938, 41.4695286] },
      "properties": { "id": "site-0140", "city": "rustavi", "name": { "en": "Facade mosaic of the dwelling house (Gardabani)" }, "address": { "en": "Aghmashenebeli St, Gardabani" },
        "precision": "building", "access": "restricted", "visible_from_outside": true,
        "sources": [ { "id": "src-0008", "role": "identity" }, { "id": "src-0008", "role": "location" } ], "origin": "manual", "updated": "2026-10-08" } },
    { "type": "Feature", "geometry": { "type": "Point", "coordinates": [45.0216481, 41.5400764] },
      "properties": { "id": "site-0141", "city": "rustavi", "name": { "en": "Facade of Rustavi Metallurgical Plant mosaic" }, "address": { "en": "Merab Kostava Ave 8" },
        "precision": "building", "access": "restricted", "visible_from_outside": true,
        "sources": [ { "id": "src-0008", "role": "identity" }, { "id": "src-0008", "role": "location" } ], "origin": "manual", "updated": "2026-10-08" } },
    { "type": "Feature", "geometry": { "type": "Point", "coordinates": [45.0137892, 41.5507118] },
      "properties": { "id": "site-0142", "city": "rustavi", "name": { "en": "Decorative structures in the park mosaic (Rustavi)" }, "address": { "en": "Rustaveli St 32" },
        "precision": "building", "access": "public", "visible_from_outside": true,
        "sources": [ { "id": "src-0008", "role": "identity" }, { "id": "src-0008", "role": "location" } ], "origin": "manual", "updated": "2026-10-08" } },
    { "type": "Feature", "geometry": { "type": "Point", "coordinates": [45.0299656, 41.5420799] },
      "properties": { "id": "site-0143", "city": "rustavi", "name": { "en": "Wall at Rustavi Steel Factory mosaic" }, "address": { "en": "Davit Gareji St" },
        "precision": "building", "access": "restricted", "visible_from_outside": true,
        "sources": [ { "id": "src-0008", "role": "identity" }, { "id": "src-0008", "role": "location" } ], "origin": "manual", "updated": "2026-10-08" } },
    { "type": "Feature", "geometry": { "type": "Point", "coordinates": [42.707752, 42.1569138] },
      "properties": { "id": "site-0144", "city": "kutaisi", "name": { "en": "Vartsikhe Hydrostation mosaic" }, "address": { "en": "Vartsikhe" },
        "precision": "building", "access": "restricted", "visible_from_outside": true,
        "sources": [ { "id": "src-0008", "role": "identity" }, { "id": "src-0008", "role": "location" } ], "origin": "manual", "updated": "2026-10-08" } },
    { "type": "Feature", "geometry": { "type": "Point", "coordinates": [44.6305525, 41.8423431] },
      "properties": { "id": "site-0145", "city": "tbilisi", "name": { "en": "Former Gas Administration building mosaic" }, "address": { "en": "Village Dzegvi" },
        "precision": "building", "access": "restricted", "visible_from_outside": true,
        "sources": [ { "id": "src-0008", "role": "identity" }, { "id": "src-0008", "role": "location" } ], "origin": "manual", "updated": "2026-10-08" } },
    { "type": "Feature", "geometry": { "type": "Point", "coordinates": [45.0243437, 41.5221459] },
      "properties": { "id": "site-0146", "city": "rustavi", "name": { "en": "Facade decoration mosaic (Rustavi Highway)" }, "address": { "en": "Rustavi Highway" },
        "precision": "building", "access": "public", "visible_from_outside": true,
        "sources": [ { "id": "src-0008", "role": "identity" }, { "id": "src-0008", "role": "location" } ], "origin": "manual", "updated": "2026-10-08" } },
    { "type": "Feature", "geometry": { "type": "Point", "coordinates": [43.3136845, 42.2921674] },
      "properties": { "id": "site-0147", "city": "chiatura", "name": { "en": "Facade of the administrative building mosaic (Shukruti)" }, "address": { "en": "Shukruti Mining administrative building" },
        "precision": "building", "access": "public", "visible_from_outside": true,
        "sources": [ { "id": "src-0008", "role": "identity" }, { "id": "src-0008", "role": "location" } ], "origin": "manual", "updated": "2026-10-08" } },
    { "type": "Feature", "geometry": { "type": "Point", "coordinates": [42.0204842, 41.9306266] },
      "properties": { "id": "site-0148", "city": "ozurgeti", "name": { "en": "Askanit clay processing factory mosaic" }, "address": { "en": "Ozurgeti" },
        "precision": "building", "access": "restricted", "visible_from_outside": true,
        "sources": [ { "id": "src-0008", "role": "identity" }, { "id": "src-0008", "role": "location" } ], "origin": "manual", "updated": "2026-10-08" } },
    { "type": "Feature", "geometry": { "type": "Point", "coordinates": [43.5998493, 42.0004607] },
      "properties": { "id": "site-0149", "city": "khashuri", "name": { "en": "Railway workers union culture house mosaic" }, "address": { "en": "Tamar Mepe St 13" },
        "precision": "building", "access": "restricted", "visible_from_outside": true,
        "sources": [ { "id": "src-0008", "role": "identity" }, { "id": "src-0008", "role": "location" } ], "origin": "manual", "updated": "2026-10-08" } },
    { "type": "Feature", "geometry": { "type": "Point", "coordinates": [44.7277102, 41.9186768] },
      "properties": { "id": "site-0150", "city": "natakhtari", "name": { "en": "Bus stop mosaic (Natakhtari)" }, "address": { "en": "Village Natakhtari" },
        "precision": "building", "access": "public", "visible_from_outside": true,
        "sources": [ { "id": "src-0008", "role": "identity" }, { "id": "src-0008", "role": "location" } ], "origin": "manual", "updated": "2026-10-08" } },
    { "type": "Feature", "geometry": { "type": "Point", "coordinates": [42.701604, 42.2720471] },
      "properties": { "id": "site-0151", "city": "kutaisi", "name": { "en": "Green Bazaar mosaic" }, "address": { "en": "Kutaisi" },
        "precision": "building", "access": "restricted", "visible_from_outside": true,
        "sources": [ { "id": "src-0008", "role": "identity" }, { "id": "src-0008", "role": "location" } ], "origin": "manual", "updated": "2026-10-08" } },
    { "type": "Feature", "geometry": { "type": "Point", "coordinates": [41.6621894, 42.1826875] },
      "properties": { "id": "site-0152", "city": "poti", "name": { "en": "Facade of former industry building mosaic" }, "address": { "en": "Samegrelo St" },
        "precision": "building", "access": "public", "visible_from_outside": true,
        "sources": [ { "id": "src-0008", "role": "identity" }, { "id": "src-0008", "role": "location" } ], "origin": "manual", "updated": "2026-10-08" } },
    { "type": "Feature", "geometry": { "type": "Point", "coordinates": [41.6607222, 42.151885] },
      "properties": { "id": "site-0153", "city": "poti", "name": { "en": "Decorative wall in the park mosaic (Poti)" }, "address": { "en": "Gegidze St 2" },
        "precision": "building", "access": "public", "visible_from_outside": true,
        "sources": [ { "id": "src-0008", "role": "identity" }, { "id": "src-0008", "role": "location" } ], "origin": "manual", "updated": "2026-10-08" } },
    { "type": "Feature", "geometry": { "type": "Point", "coordinates": [42.0034173, 41.926909] },
      "properties": { "id": "site-0154", "city": "ozurgeti", "name": { "en": "Public School mosaic (Ozurgeti)" }, "address": { "en": "Viktor Dolidze St 27" },
        "precision": "building", "access": "restricted", "visible_from_outside": true,
        "sources": [ { "id": "src-0008", "role": "identity" }, { "id": "src-0008", "role": "location" } ], "origin": "manual", "updated": "2026-10-08" } },
    { "type": "Feature", "geometry": { "type": "Point", "coordinates": [42.6751471, 42.2553716] },
      "properties": { "id": "site-0155", "city": "kutaisi", "name": { "en": "Residential house facade mosaic (Chavchavadze 44)" }, "address": { "en": "Chavchavadze Ave 44" },
        "precision": "building", "access": "restricted", "visible_from_outside": true,
        "sources": [ { "id": "src-0008", "role": "identity" }, { "id": "src-0008", "role": "location" } ], "origin": "manual", "updated": "2026-10-08" } },
    { "type": "Feature", "geometry": { "type": "Point", "coordinates": [42.674616, 42.2500727] },
      "properties": { "id": "site-0156", "city": "kutaisi", "name": { "en": "Former Electro-Mechanical Plant mosaic" }, "address": { "en": "Gugunava St 1" },
        "precision": "building", "access": "restricted", "visible_from_outside": true,
        "sources": [ { "id": "src-0008", "role": "identity" }, { "id": "src-0008", "role": "location" } ], "origin": "manual", "updated": "2026-10-08" } },
    { "type": "Feature", "geometry": { "type": "Point", "coordinates": [41.9581416, 42.0057944] },
      "properties": { "id": "site-0157", "city": "ozurgeti", "name": { "en": "WWII memorial wall mosaic (Jumati)" }, "address": { "en": "Village Jumati" },
        "precision": "building", "access": "public", "visible_from_outside": true,
        "sources": [ { "id": "src-0008", "role": "identity" }, { "id": "src-0008", "role": "location" } ], "origin": "manual", "updated": "2026-10-08" } },
    { "type": "Feature", "geometry": { "type": "Point", "coordinates": [42.6689243, 42.2583235] },
      "properties": { "id": "site-0158", "city": "kutaisi", "name": { "en": "Residential house facade mosaic (Chavchavadze 62)" }, "address": { "en": "Chavchavadze Ave 62" },
        "precision": "building", "access": "restricted", "visible_from_outside": true,
        "sources": [ { "id": "src-0008", "role": "identity" }, { "id": "src-0008", "role": "location" } ], "origin": "manual", "updated": "2026-10-08" } },
    { "type": "Feature", "geometry": { "type": "Point", "coordinates": [41.7774117, 41.8351012] },
      "properties": { "id": "site-0159", "city": "kobuleti", "name": { "en": "Former sanatorium entrance mosaic" }, "address": { "en": "Kobuleti" },
        "precision": "building", "access": "restricted", "visible_from_outside": true,
        "sources": [ { "id": "src-0008", "role": "identity" }, { "id": "src-0008", "role": "location" } ], "origin": "manual", "updated": "2026-10-08" } },
    { "type": "Feature", "geometry": { "type": "Point", "coordinates": [42.1191593, 42.5071152] },
      "properties": { "id": "site-0160", "city": "chkhorotsku", "name": { "en": "Entrance wall mosaic (Chkhorotsku)" }, "address": { "en": "Chkhorotsku" },
        "precision": "building", "access": "public", "visible_from_outside": true,
        "sources": [ { "id": "src-0008", "role": "identity" }, { "id": "src-0008", "role": "location" } ], "origin": "manual", "updated": "2026-10-08" } },
    { "type": "Feature", "geometry": { "type": "Point", "coordinates": [41.6882479, 42.1470818] },
      "properties": { "id": "site-0161", "city": "poti", "name": { "en": "Pool in Kindergarten mosaic (Poti)" }, "address": { "en": "Poti" },
        "precision": "building", "access": "restricted", "visible_from_outside": true,
        "sources": [ { "id": "src-0008", "role": "identity" }, { "id": "src-0008", "role": "location" } ], "origin": "manual", "updated": "2026-10-08" } },
    { "type": "Feature", "geometry": { "type": "Point", "coordinates": [41.8853308, 42.317824] },
      "properties": { "id": "site-0162", "city": "senaki", "name": { "en": "Wall at Collective Farm House mosaic (Khobi)" }, "address": { "en": "Khobi" },
        "precision": "building", "access": "restricted", "visible_from_outside": true,
        "sources": [ { "id": "src-0008", "role": "identity" }, { "id": "src-0008", "role": "location" } ], "origin": "manual", "updated": "2026-10-08" } },
    { "type": "Feature", "geometry": { "type": "Point", "coordinates": [43.281927, 42.2878415] },
      "properties": { "id": "site-0163", "city": "chiatura", "name": { "en": "Metallurgy-Mining Institute mosaic" }, "address": { "en": "Chiatura" },
        "precision": "building", "access": "restricted", "visible_from_outside": true,
        "sources": [ { "id": "src-0008", "role": "identity" }, { "id": "src-0008", "role": "location" } ], "origin": "manual", "updated": "2026-10-08" } },
    { "type": "Feature", "geometry": { "type": "Point", "coordinates": [43.2840528, 42.2911702] },
      "properties": { "id": "site-0164", "city": "chiatura", "name": { "en": "Kindergarten mosaic (Chiatura)" }, "address": { "en": "Chiatura" },
        "precision": "building", "access": "restricted", "visible_from_outside": true,
        "sources": [ { "id": "src-0008", "role": "identity" }, { "id": "src-0008", "role": "location" } ], "origin": "manual", "updated": "2026-10-08" } },
    { "type": "Feature", "geometry": { "type": "Point", "coordinates": [44.8227523, 41.7117027] },
      "properties": { "id": "site-0165", "city": "tbilisi", "name": { "en": "Former Stable Isotope Science Research Institute mosaic" }, "address": { "en": "Mnatobi St 73" },
        "precision": "building", "access": "restricted", "visible_from_outside": true,
        "sources": [ { "id": "src-0008", "role": "identity" }, { "id": "src-0008", "role": "location" } ], "origin": "manual", "updated": "2026-10-08" } },
    { "type": "Feature", "geometry": { "type": "Point", "coordinates": [42.6711399, 42.2495565] },
      "properties": { "id": "site-0166", "city": "kutaisi", "name": { "en": "Former factory mosaic (Kutaisi)" }, "address": { "en": "Kutaisi" },
        "precision": "building", "access": "restricted", "visible_from_outside": true,
        "sources": [ { "id": "src-0008", "role": "identity" }, { "id": "src-0008", "role": "location" } ], "origin": "manual", "updated": "2026-10-08" } },
    { "type": "Feature", "geometry": { "type": "Point", "coordinates": [44.8597805, 41.6825951] },
      "properties": { "id": "site-0167", "city": "gori", "name": { "en": "Former ceramic factory mosaic" }, "address": { "en": "Samgori St 13" },
        "precision": "building", "access": "restricted", "visible_from_outside": true,
        "sources": [ { "id": "src-0008", "role": "identity" }, { "id": "src-0008", "role": "location" } ], "origin": "manual", "updated": "2026-10-08" } },
    { "type": "Feature", "geometry": { "type": "Point", "coordinates": [44.7045332, 41.7219924] },
      "properties": { "id": "site-0168", "city": "tbilisi", "name": { "en": "Sokhumi State University II Building mosaic" }, "address": { "en": "A. Politkovskaia St 9" },
        "precision": "building", "access": "restricted", "visible_from_outside": true,
        "sources": [ { "id": "src-0008", "role": "identity" }, { "id": "src-0008", "role": "location" } ], "origin": "manual", "updated": "2026-10-08" } },
    { "type": "Feature", "geometry": { "type": "Point", "coordinates": [44.7697538, 41.7223728] },
      "properties": { "id": "site-0169", "city": "tbilisi", "name": { "en": "Interior of Supermarket mosaic" }, "address": { "en": "S. Tsintsadze St 7" },
        "precision": "building", "access": "restricted", "visible_from_outside": false,
        "sources": [ { "id": "src-0008", "role": "identity" }, { "id": "src-0008", "role": "location" } ], "origin": "manual", "updated": "2026-10-08" } },
    { "type": "Feature", "geometry": { "type": "Point", "coordinates": [44.7758772, 41.7210635] },
      "properties": { "id": "site-0170", "city": "tbilisi", "name": { "en": "Panel on underground air shaft mosaic" }, "address": { "en": "behind Pekini St 7" },
        "precision": "building", "access": "restricted", "visible_from_outside": true,
        "sources": [ { "id": "src-0008", "role": "identity" }, { "id": "src-0008", "role": "location" } ], "origin": "manual", "updated": "2026-10-08" } },
    { "type": "Feature", "geometry": { "type": "Point", "coordinates": [44.8580682, 41.6836256] },
      "properties": { "id": "site-0171", "city": "tbilisi", "name": { "en": "Pool in the yard of former fat factory mosaic" }, "address": { "en": "Moscow Ave 9a" },
        "precision": "building", "access": "restricted", "visible_from_outside": true,
        "sources": [ { "id": "src-0008", "role": "identity" }, { "id": "src-0008", "role": "location" } ], "origin": "manual", "updated": "2026-10-08" } },
    { "type": "Feature", "geometry": { "type": "Point", "coordinates": [44.7915548, 41.7303761] },
      "properties": { "id": "site-0172", "city": "tbilisi", "name": { "en": "Former tool factory mosaic" }, "address": { "en": "Tsemi St 3" },
        "precision": "building", "access": "restricted", "visible_from_outside": true,
        "sources": [ { "id": "src-0008", "role": "identity" }, { "id": "src-0008", "role": "location" } ], "origin": "manual", "updated": "2026-10-08" } },
    { "type": "Feature", "geometry": { "type": "Point", "coordinates": [44.786759, 41.7687551] },
      "properties": { "id": "site-0173", "city": "tbilisi", "name": { "en": "JSC Electro Izolit (Ksani 35) mosaic" }, "address": { "en": "Ksani St 35" },
        "precision": "building", "access": "restricted", "visible_from_outside": true,
        "sources": [ { "id": "src-0008", "role": "identity" }, { "id": "src-0008", "role": "location" } ], "origin": "manual", "updated": "2026-10-08" } },
    { "type": "Feature", "geometry": { "type": "Point", "coordinates": [44.8185459, 41.8090264] },
      "properties": { "id": "site-0174", "city": "tbilisi", "name": { "en": "Olympic reserves training national center mosaic" }, "address": { "en": "Tianeti Highway 25" },
        "precision": "building", "access": "restricted", "visible_from_outside": true,
        "sources": [ { "id": "src-0008", "role": "identity" }, { "id": "src-0008", "role": "location" } ], "origin": "manual", "updated": "2026-10-08" } },
    { "type": "Feature", "geometry": { "type": "Point", "coordinates": [44.8127322, 41.6733095] },
      "properties": { "id": "site-0175", "city": "tbilisi", "name": { "en": "Fountain in the yard of former governmental residency mosaic" }, "address": { "en": "Krtsanisi Residential Area" },
        "precision": "building", "access": "courtyard", "visible_from_outside": true,
        "sources": [ { "id": "src-0008", "role": "identity" }, { "id": "src-0008", "role": "location" } ], "origin": "manual", "updated": "2026-10-08" } },
    { "type": "Feature", "geometry": { "type": "Point", "coordinates": [44.7704753, 41.7085219] },
      "properties": { "id": "site-0176", "city": "tbilisi", "name": { "en": "Ilia State University (C Building) mosaic" }, "address": { "en": "Ilia Chavchavadze Ave 32" },
        "precision": "building", "access": "restricted", "visible_from_outside": true,
        "sources": [ { "id": "src-0008", "role": "identity" }, { "id": "src-0008", "role": "location" } ], "origin": "manual", "updated": "2026-10-08" } },
    { "type": "Feature", "geometry": { "type": "Point", "coordinates": [42.1612358, 42.2352518] },
      "properties": { "id": "site-0177", "city": "abasha", "name": { "en": "Decorative wall on square mosaic (Abasha)" }, "address": { "en": "Village Abasha" },
        "precision": "building", "access": "public", "visible_from_outside": true,
        "sources": [ { "id": "src-0008", "role": "identity" }, { "id": "src-0008", "role": "location" } ], "origin": "manual", "updated": "2026-10-08" } },
    { "type": "Feature", "geometry": { "type": "Point", "coordinates": [44.5319492, 41.4486293] },
      "properties": { "id": "site-0178", "city": "bolnisi", "name": { "en": "Decorative walls at park entrance mosaic (Bolnisi)" }, "address": { "en": "Bolnisi" },
        "precision": "building", "access": "public", "visible_from_outside": true,
        "sources": [ { "id": "src-0008", "role": "identity" }, { "id": "src-0008", "role": "location" } ], "origin": "manual", "updated": "2026-10-08" } },
    { "type": "Feature", "geometry": { "type": "Point", "coordinates": [44.676421, 42.1917818] },
      "properties": { "id": "site-0179", "city": "tsikhisdziri", "name": { "en": "Bus stop mosaic (Tsikhisdziri)" }, "address": { "en": "Village Tsikhisdziri" },
        "precision": "building", "access": "public", "visible_from_outside": true,
        "sources": [ { "id": "src-0008", "role": "identity" }, { "id": "src-0008", "role": "location" } ], "origin": "manual", "updated": "2026-10-08" } },
    { "type": "Feature", "geometry": { "type": "Point", "coordinates": [44.7619003, 41.7280321] },
      "properties": { "id": "site-0180", "city": "tbilisi", "name": { "en": "Pool in former military dormitory complex mosaic" }, "address": { "en": "Chiladze St 9" },
        "precision": "building", "access": "restricted", "visible_from_outside": true,
        "sources": [ { "id": "src-0008", "role": "identity" }, { "id": "src-0008", "role": "location" } ], "origin": "manual", "updated": "2026-10-08" } },
    { "type": "Feature", "geometry": { "type": "Point", "coordinates": [44.8003712, 41.7947563] },
      "properties": { "id": "site-0181", "city": "tbilisi", "name": { "en": "Fountain in former Tea Processing Factory mosaic" }, "address": { "en": "Sarajishvili St 6 (Gldani)" },
        "precision": "building", "access": "restricted", "visible_from_outside": true,
        "sources": [ { "id": "src-0008", "role": "identity" }, { "id": "src-0008", "role": "location" } ], "origin": "manual", "updated": "2026-10-08" } },
    { "type": "Feature", "geometry": { "type": "Point", "coordinates": [44.7566056, 41.73027] },
      "properties": { "id": "site-0182", "city": "tbilisi", "name": { "en": "Nursery House mosaic" }, "address": { "en": "Nutsubidze St 3" },
        "precision": "building", "access": "restricted", "visible_from_outside": true,
        "sources": [ { "id": "src-0008", "role": "identity" }, { "id": "src-0008", "role": "location" } ], "origin": "manual", "updated": "2026-10-08" } },
    { "type": "Feature", "geometry": { "type": "Point", "coordinates": [45.2080911, 42.0441737] },
      "properties": { "id": "site-0183", "city": "telavi", "name": { "en": "Wine Factory mosaic" }, "address": { "en": "Akhmeta" },
        "precision": "building", "access": "restricted", "visible_from_outside": true,
        "sources": [ { "id": "src-0008", "role": "identity" }, { "id": "src-0008", "role": "location" } ], "origin": "manual", "updated": "2026-10-08" } },
    { "type": "Feature", "geometry": { "type": "Point", "coordinates": [44.8338747, 41.6958797] },
      "properties": { "id": "site-0184", "city": "tbilisi", "name": { "en": "Old USSR army base mosaic" }, "address": { "en": "Melani V turn" },
        "precision": "building", "access": "restricted", "visible_from_outside": true,
        "sources": [ { "id": "src-0008", "role": "identity" }, { "id": "src-0008", "role": "location" } ], "origin": "manual", "updated": "2026-10-08" } },
    { "type": "Feature", "geometry": { "type": "Point", "coordinates": [44.9106878, 41.874582] },
      "properties": { "id": "site-0185", "city": "tbilisi", "name": { "en": "Theatre/Culture House facade mosaic (Tskhvarichamia)" }, "address": { "en": "Tskhvarichamia" },
        "precision": "building", "access": "restricted", "visible_from_outside": true,
        "sources": [ { "id": "src-0008", "role": "identity" }, { "id": "src-0008", "role": "location" } ], "origin": "manual", "updated": "2026-10-08" } },
    { "type": "Feature", "geometry": { "type": "Point", "coordinates": [44.8572099, 41.8308684] },
      "properties": { "id": "site-0186", "city": "tbilisi", "name": { "en": "Tianeti municipality entrance mark mosaic" }, "address": { "en": "Mamkoda on Tbilisi-Tianeti Road" },
        "precision": "building", "access": "public", "visible_from_outside": true,
        "sources": [ { "id": "src-0008", "role": "identity" }, { "id": "src-0008", "role": "location" } ], "origin": "manual", "updated": "2026-10-08" } },
    { "type": "Feature", "geometry": { "type": "Point", "coordinates": [45.4901469, 41.9158187] },
      "properties": { "id": "site-0187", "city": "telavi", "name": { "en": "#2 Public School mosaic (Telavi)" }, "address": { "en": "Tamar Mepe St 61" },
        "precision": "building", "access": "restricted", "visible_from_outside": true,
        "sources": [ { "id": "src-0008", "role": "identity" }, { "id": "src-0008", "role": "location" } ], "origin": "manual", "updated": "2026-10-08" } },
    { "type": "Feature", "geometry": { "type": "Point", "coordinates": [43.3965003, 41.8452245] },
      "properties": { "id": "site-0188", "city": "borjomi", "name": { "en": "Decorative Wall mosaic (Borjomi, west)" }, "address": { "en": "Borjomi" },
        "precision": "building", "access": "public", "visible_from_outside": true,
        "sources": [ { "id": "src-0008", "role": "identity" }, { "id": "src-0008", "role": "location" } ], "origin": "manual", "updated": "2026-10-08" } },
    { "type": "Feature", "geometry": { "type": "Point", "coordinates": [44.7807026, 41.7045651] },
      "properties": { "id": "site-0189", "city": "tbilisi", "name": { "en": "Kindergarten #170 Yard mosaic" }, "address": { "en": "A. Shanidze St 28" },
        "precision": "building", "access": "restricted", "visible_from_outside": true,
        "sources": [ { "id": "src-0008", "role": "identity" }, { "id": "src-0008", "role": "location" } ], "origin": "manual", "updated": "2026-10-08" } },
    { "type": "Feature", "geometry": { "type": "Point", "coordinates": [44.7606289, 41.8243848] },
      "properties": { "id": "site-0190", "city": "tbilisi", "name": { "en": "Pool at Zahesi head office mosaic" }, "address": { "en": "Energetika St 1" },
        "precision": "building", "access": "public", "visible_from_outside": true,
        "sources": [ { "id": "src-0008", "role": "identity" }, { "id": "src-0008", "role": "location" } ], "origin": "manual", "updated": "2026-10-08" } },
    { "type": "Feature", "geometry": { "type": "Point", "coordinates": [41.7386377, 42.0366559] },
      "properties": { "id": "site-0191", "city": "ureki", "name": { "en": "Facade mosaic of the private house (Grigoleti)" }, "address": { "en": "Village Grigoleti" },
        "precision": "building", "access": "restricted", "visible_from_outside": true,
        "sources": [ { "id": "src-0008", "role": "identity" }, { "id": "src-0008", "role": "location" } ], "origin": "manual", "updated": "2026-10-08" } },
    { "type": "Feature", "geometry": { "type": "Point", "coordinates": [42.3390394, 42.1952017] },
      "properties": { "id": "site-0192", "city": "abasha", "name": { "en": "Facade of the farming house mosaic (Kulashi)" }, "address": { "en": "Village Kulashi" },
        "precision": "building", "access": "restricted", "visible_from_outside": true,
        "sources": [ { "id": "src-0008", "role": "identity" }, { "id": "src-0008", "role": "location" } ], "origin": "manual", "updated": "2026-10-08" } },
    { "type": "Feature", "geometry": { "type": "Point", "coordinates": [43.3808818, 41.8419255] },
      "properties": { "id": "site-0193", "city": "borjomi", "name": { "en": "Decorative Wall mosaic (Borjomi, east)" }, "address": { "en": "Borjomi" },
        "precision": "building", "access": "public", "visible_from_outside": true,
        "sources": [ { "id": "src-0008", "role": "identity" }, { "id": "src-0008", "role": "location" } ], "origin": "manual", "updated": "2026-10-08" } },
    { "type": "Feature", "geometry": { "type": "Point", "coordinates": [41.7726025, 42.4900089] },
      "properties": { "id": "site-0194", "city": "zugdidi", "name": { "en": "1st public school mosaic (Kakhati)" }, "address": { "en": "Village Kakhati" },
        "precision": "building", "access": "restricted", "visible_from_outside": true,
        "sources": [ { "id": "src-0008", "role": "identity" }, { "id": "src-0008", "role": "location" } ], "origin": "manual", "updated": "2026-10-08" } },
    { "type": "Feature", "geometry": { "type": "Point", "coordinates": [41.7862147, 42.4932782] },
      "properties": { "id": "site-0195", "city": "zugdidi", "name": { "en": "Decoration on the Tea Manufacturing building mosaic (Kakhati)" }, "address": { "en": "Village Kakhati" },
        "precision": "building", "access": "restricted", "visible_from_outside": true,
        "sources": [ { "id": "src-0008", "role": "identity" }, { "id": "src-0008", "role": "location" } ], "origin": "manual", "updated": "2026-10-08" } },
    { "type": "Feature", "geometry": { "type": "Point", "coordinates": [41.9254535, 42.5511933] },
      "properties": { "id": "site-0196", "city": "zugdidi", "name": { "en": "WWII Memorial mosaic (Kortskheli)" }, "address": { "en": "Village Kortskheli" },
        "precision": "building", "access": "public", "visible_from_outside": true,
        "sources": [ { "id": "src-0008", "role": "identity" }, { "id": "src-0008", "role": "location" } ], "origin": "manual", "updated": "2026-10-08" } },
    { "type": "Feature", "geometry": { "type": "Point", "coordinates": [41.8345267, 42.4663889] },
      "properties": { "id": "site-0197", "city": "zugdidi", "name": { "en": "Decoration on the Tea Manufacturing building mosaic (Chitatskari)" }, "address": { "en": "Chitatskari" },
        "precision": "building", "access": "restricted", "visible_from_outside": true,
        "sources": [ { "id": "src-0008", "role": "identity" }, { "id": "src-0008", "role": "location" } ], "origin": "manual", "updated": "2026-10-08" } },
    { "type": "Feature", "geometry": { "type": "Point", "coordinates": [44.732058, 41.8791274] },
      "properties": { "id": "site-0198", "city": "tbilisi", "name": { "en": "Former professional technical college #89 mosaic" }, "address": { "en": "Saguramo" },
        "precision": "building", "access": "restricted", "visible_from_outside": true,
        "sources": [ { "id": "src-0008", "role": "identity" }, { "id": "src-0008", "role": "location" } ], "origin": "manual", "updated": "2026-10-08" } },
    { "type": "Feature", "geometry": { "type": "Point", "coordinates": [44.7913751, 41.6990159] },
      "properties": { "id": "site-0199", "city": "tbilisi", "name": { "en": "Former public / central music school mosaic" }, "address": { "en": "Alexandr Chavchavadze St 19a" },
        "precision": "building", "access": "restricted", "visible_from_outside": true,
        "sources": [ { "id": "src-0008", "role": "identity" }, { "id": "src-0008", "role": "location" } ], "origin": "manual", "updated": "2026-10-08" } },
    { "type": "Feature", "geometry": { "type": "Point", "coordinates": [44.8113683, 41.6879903] },
      "properties": { "id": "site-0200", "city": "tbilisi", "name": { "en": "Sulphur Bath #5 mosaic" }, "address": { "en": "Abanotubani (Gorgasali St)" },
        "precision": "building", "access": "restricted", "visible_from_outside": true,
        "sources": [ { "id": "src-0008", "role": "identity" }, { "id": "src-0008", "role": "location" } ], "origin": "manual", "updated": "2026-10-08" } },
    { "type": "Feature", "geometry": { "type": "Point", "coordinates": [41.83557, 42.5195806] },
      "properties": { "id": "site-0201", "city": "zugdidi", "name": { "en": "Pool at Engurkaghald factory cultural complex mosaic" }, "address": { "en": "David Janashia St 12" },
        "precision": "building", "access": "restricted", "visible_from_outside": true,
        "sources": [ { "id": "src-0008", "role": "identity" }, { "id": "src-0008", "role": "location" } ], "origin": "manual", "updated": "2026-10-08" } },
    { "type": "Feature", "geometry": { "type": "Point", "coordinates": [41.9350907, 42.5868167] },
      "properties": { "id": "site-0202", "city": "zugdidi", "name": { "en": "Former swimming pool mosaic (Zeda Etseri)" }, "address": { "en": "Village Zeda Etseri" },
        "precision": "building", "access": "public", "visible_from_outside": true,
        "sources": [ { "id": "src-0008", "role": "identity" }, { "id": "src-0008", "role": "location" } ], "origin": "manual", "updated": "2026-10-08" } },
    { "type": "Feature", "geometry": { "type": "Point", "coordinates": [41.8129671, 41.9476734] },
      "properties": { "id": "site-0203", "city": "ureki", "name": { "en": "Kindergarten mosaic (Kvemo Natanebi)" }, "address": { "en": "Village (Kvemo) Natanebi" },
        "precision": "building", "access": "restricted", "visible_from_outside": true,
        "sources": [ { "id": "src-0008", "role": "identity" }, { "id": "src-0008", "role": "location" } ], "origin": "manual", "updated": "2026-10-08" } },
    { "type": "Feature", "geometry": { "type": "Point", "coordinates": [41.715686, 41.6470897] },
      "properties": { "id": "site-0204", "city": "batumi", "name": { "en": "Bus Stop mosaic (Tsinsvla)" }, "address": { "en": "Village Tsinsvla" },
        "precision": "building", "access": "public", "visible_from_outside": true,
        "sources": [ { "id": "src-0008", "role": "identity" }, { "id": "src-0008", "role": "location" } ], "origin": "manual", "updated": "2026-10-08" } },
    { "type": "Feature", "geometry": { "type": "Point", "coordinates": [44.8155981, 41.7928926] },
      "properties": { "id": "site-0205", "city": "tbilisi", "name": { "en": "Residential houses mosaic (Omar Khizanishvili 49-52)" }, "address": { "en": "Omar Khizanishvili 49-52" },
        "precision": "building", "access": "restricted", "visible_from_outside": true,
        "sources": [ { "id": "src-0008", "role": "identity" }, { "id": "src-0008", "role": "location" } ], "origin": "manual", "updated": "2026-10-08" } },
    { "type": "Feature", "geometry": { "type": "Point", "coordinates": [44.5504859, 41.448953] },
      "properties": { "id": "site-0206", "city": "bolnisi", "name": { "en": "Wine factory mosaic (Bolnisi)" }, "address": { "en": "Aghmashenebeli St" },
        "precision": "building", "access": "restricted", "visible_from_outside": true,
        "sources": [ { "id": "src-0008", "role": "identity" }, { "id": "src-0008", "role": "location" } ], "origin": "manual", "updated": "2026-10-08" } },
    { "type": "Feature", "geometry": { "type": "Point", "coordinates": [41.9283342, 42.5846702] },
      "properties": { "id": "site-0207", "city": "zugdidi", "name": { "en": "Former tea manufacturing mosaic (Zeda Etseri)" }, "address": { "en": "Village Zeda Etseri" },
        "precision": "building", "access": "restricted", "visible_from_outside": true,
        "sources": [ { "id": "src-0008", "role": "identity" }, { "id": "src-0008", "role": "location" } ], "origin": "manual", "updated": "2026-10-08" } },
    { "type": "Feature", "geometry": { "type": "Point", "coordinates": [41.860369, 42.4903414] },
      "properties": { "id": "site-0208", "city": "zugdidi", "name": { "en": "Wall at Main Hospital mosaic (Zugdidi)" }, "address": { "en": "Zugdidi" },
        "precision": "building", "access": "restricted", "visible_from_outside": true,
        "sources": [ { "id": "src-0008", "role": "identity" }, { "id": "src-0008", "role": "location" } ], "origin": "manual", "updated": "2026-10-08" } },
    { "type": "Feature", "geometry": { "type": "Point", "coordinates": [41.8570212, 42.4953086] },
      "properties": { "id": "site-0209", "city": "zugdidi", "name": { "en": "Industrial Building mosaic (Zugdidi)" }, "address": { "en": "Zugdidi" },
        "precision": "building", "access": "restricted", "visible_from_outside": true,
        "sources": [ { "id": "src-0008", "role": "identity" }, { "id": "src-0008", "role": "location" } ], "origin": "manual", "updated": "2026-10-08" } },
    { "type": "Feature", "geometry": { "type": "Point", "coordinates": [41.8589203, 42.5792626] },
      "properties": { "id": "site-0210", "city": "tbilisi", "name": { "en": "Wall at Inguri Bridge mosaic" }, "address": { "en": "Tbilisi-Senaki-Leselidze Hwy" },
        "precision": "building", "access": "public", "visible_from_outside": true,
        "sources": [ { "id": "src-0008", "role": "identity" }, { "id": "src-0008", "role": "location" } ], "origin": "manual", "updated": "2026-10-08" } },
    { "type": "Feature", "geometry": { "type": "Point", "coordinates": [44.9020229, 41.6921229] },
      "properties": { "id": "site-0211", "city": "tbilisi", "name": { "en": "Ltd. Agregati mosaic" }, "address": { "en": "Aleksandre Tvalchrelidze St" },
        "precision": "building", "access": "restricted", "visible_from_outside": true,
        "sources": [ { "id": "src-0008", "role": "identity" }, { "id": "src-0008", "role": "location" } ], "origin": "manual", "updated": "2026-10-08" } },
    { "type": "Feature", "geometry": { "type": "Point", "coordinates": [44.8430747, 41.6709464] },
      "properties": { "id": "site-0212", "city": "tbilisi", "name": { "en": "Bus stop mosaic (Vakhtang Gorgasali St 111)" }, "address": { "en": "Vakhtang Gorgasali St 111" },
        "precision": "building", "access": "public", "visible_from_outside": true,
        "sources": [ { "id": "src-0008", "role": "identity" }, { "id": "src-0008", "role": "location" } ], "origin": "manual", "updated": "2026-10-08" } },
    { "type": "Feature", "geometry": { "type": "Point", "coordinates": [41.7392895, 41.7450428] },
      "properties": { "id": "site-0213", "city": "buknari", "name": { "en": "WWII Memorial mosaic (Buknari)" }, "address": { "en": "Buknari" },
        "precision": "building", "access": "public", "visible_from_outside": true,
        "sources": [ { "id": "src-0008", "role": "identity" }, { "id": "src-0008", "role": "location" } ], "origin": "manual", "updated": "2026-10-08" } },
    { "type": "Feature", "geometry": { "type": "Point", "coordinates": [41.7631504, 41.9890204] },
      "properties": { "id": "site-0214", "city": "ureki", "name": { "en": "Former leisure complex mosaic" }, "address": { "en": "Ureki" },
        "precision": "building", "access": "restricted", "visible_from_outside": true,
        "sources": [ { "id": "src-0008", "role": "identity" }, { "id": "src-0008", "role": "location" } ], "origin": "manual", "updated": "2026-10-08" } },
    { "type": "Feature", "geometry": { "type": "Point", "coordinates": [44.7983113, 41.4886711] },
      "properties": { "id": "site-0215", "city": "marneuli", "name": { "en": "Building Facade mosaic (Marneuli)" }, "address": { "en": "Marneuli" },
        "precision": "building", "access": "public", "visible_from_outside": true,
        "sources": [ { "id": "src-0008", "role": "identity" }, { "id": "src-0008", "role": "location" } ], "origin": "manual", "updated": "2026-10-08" } },
    { "type": "Feature", "geometry": { "type": "Point", "coordinates": [42.021254, 42.0902253] },
      "properties": { "id": "site-0216", "city": "lanchkhuti", "name": { "en": "Decorative wall in collective administration courtyard (Gvimbalauri)" }, "address": { "en": "Village Gvimbalauri" },
        "precision": "building", "access": "restricted", "visible_from_outside": true,
        "sources": [ { "id": "src-0008", "role": "identity" }, { "id": "src-0008", "role": "location" } ], "origin": "manual", "updated": "2026-10-08" } },
    { "type": "Feature", "geometry": { "type": "Point", "coordinates": [44.5120311, 42.561003] },
      "properties": { "id": "site-0217", "city": "kobi", "name": { "en": "Former wool processing enterprise mosaic" }, "address": { "en": "Village Kobi" },
        "precision": "building", "access": "restricted", "visible_from_outside": true,
        "sources": [ { "id": "src-0008", "role": "identity" }, { "id": "src-0008", "role": "location" } ], "origin": "manual", "updated": "2026-10-08" } },
    { "type": "Feature", "geometry": { "type": "Point", "coordinates": [44.7480869, 41.9726008] },
      "properties": { "id": "site-0218", "city": "natakhtari", "name": { "en": "Wall in a former industrial space mosaic" }, "address": { "en": "Natakhtari" },
        "precision": "building", "access": "restricted", "visible_from_outside": true,
        "sources": [ { "id": "src-0008", "role": "identity" }, { "id": "src-0008", "role": "location" } ], "origin": "manual", "updated": "2026-10-08" } },
    { "type": "Feature", "geometry": { "type": "Point", "coordinates": [43.4007812, 42.3358539] },
      "properties": { "id": "site-0219", "city": "chiatura", "name": { "en": "Decorative Wall mosaic (Sachkhere)" }, "address": { "en": "Sachkhere" },
        "precision": "building", "access": "public", "visible_from_outside": true,
        "sources": [ { "id": "src-0008", "role": "identity" }, { "id": "src-0008", "role": "location" } ], "origin": "manual", "updated": "2026-10-08" } },
    { "type": "Feature", "geometry": { "type": "Point", "coordinates": [43.8436514, 41.998882] },
      "properties": { "id": "site-0220", "city": "khashuri", "name": { "en": "Former House of Culture mosaic (Kekhijvari)" }, "address": { "en": "Village Kekhijvari" },
        "precision": "building", "access": "restricted", "visible_from_outside": true,
        "sources": [ { "id": "src-0008", "role": "identity" }, { "id": "src-0008", "role": "location" } ], "origin": "manual", "updated": "2026-10-08" } },
    { "type": "Feature", "geometry": { "type": "Point", "coordinates": [45.355677, 41.7207773] },
      "properties": { "id": "site-0221", "city": "sagarejo", "name": { "en": "Decorative structure at Sagarejo Wine factory mosaic" }, "address": { "en": "Sagarejo village" },
        "precision": "building", "access": "restricted", "visible_from_outside": true,
        "sources": [ { "id": "src-0008", "role": "identity" }, { "id": "src-0008", "role": "location" } ], "origin": "manual", "updated": "2026-10-08" } },
    { "type": "Feature", "geometry": { "type": "Point", "coordinates": [42.3140332, 41.6455003] },
      "properties": { "id": "site-0222", "city": "shuakhevi", "name": { "en": "Public School facade mosaic (Khulo)" }, "address": { "en": "Village Khulo" },
        "precision": "building", "access": "restricted", "visible_from_outside": true,
        "sources": [ { "id": "src-0008", "role": "identity" }, { "id": "src-0008", "role": "location" } ], "origin": "manual", "updated": "2026-10-08" } },
    { "type": "Feature", "geometry": { "type": "Point", "coordinates": [41.7793643, 41.8505732] },
      "properties": { "id": "site-0223", "city": "kobuleti", "name": { "en": "Bus stop mosaic (Kobuleti)" }, "address": { "en": "Kobuleti" },
        "precision": "building", "access": "public", "visible_from_outside": true,
        "sources": [ { "id": "src-0008", "role": "identity" }, { "id": "src-0008", "role": "location" } ], "origin": "manual", "updated": "2026-10-08" } },
    { "type": "Feature", "geometry": { "type": "Point", "coordinates": [42.0381224, 42.090285] },
      "properties": { "id": "site-0224", "city": "lanchkhuti", "name": { "en": "Decorative Wall mosaic (Lanchkhuti)" }, "address": { "en": "Lanchkhuti" },
        "precision": "building", "access": "public", "visible_from_outside": true,
        "sources": [ { "id": "src-0008", "role": "identity" }, { "id": "src-0008", "role": "location" } ], "origin": "manual", "updated": "2026-10-08" } },
    { "type": "Feature", "geometry": { "type": "Point", "coordinates": [44.8359588, 41.6955973] },
      "properties": { "id": "site-0225", "city": "tbilisi", "name": { "en": "Decorative Wall mosaic (Melani V Turn)" }, "address": { "en": "Melani V Turn" },
        "precision": "building", "access": "public", "visible_from_outside": true,
        "sources": [ { "id": "src-0008", "role": "identity" }, { "id": "src-0008", "role": "location" } ], "origin": "manual", "updated": "2026-10-08" } },
    { "type": "Feature", "geometry": { "type": "Point", "coordinates": [44.8885623, 41.659944] },
      "properties": { "id": "site-0226", "city": "rustavi", "name": { "en": "Decorative Wall mosaic (Rustavi Highway)" }, "address": { "en": "Rustavi Highway" },
        "precision": "building", "access": "public", "visible_from_outside": true,
        "sources": [ { "id": "src-0008", "role": "identity" }, { "id": "src-0008", "role": "location" } ], "origin": "manual", "updated": "2026-10-08" } },
    { "type": "Feature", "geometry": { "type": "Point", "coordinates": [44.9165645, 41.8667365] },
      "properties": { "id": "site-0227", "city": "tbilisi", "name": { "en": "Decorative wall mosaic (Tbilisi-Tianeti Road)" }, "address": { "en": "Tbilisi-Tianeti Road" },
        "precision": "building", "access": "public", "visible_from_outside": true,
        "sources": [ { "id": "src-0008", "role": "identity" }, { "id": "src-0008", "role": "location" } ], "origin": "manual", "updated": "2026-10-08" } },
    { "type": "Feature", "geometry": { "type": "Point", "coordinates": [41.9776011, 42.0842259] },
      "properties": { "id": "site-0228", "city": "lanchkhuti", "name": { "en": "WWII Memorial mosaic (Chibati)" }, "address": { "en": "Village Chibati" },
        "precision": "building", "access": "public", "visible_from_outside": true,
        "sources": [ { "id": "src-0008", "role": "identity" }, { "id": "src-0008", "role": "location" } ], "origin": "manual", "updated": "2026-10-08" } },
    { "type": "Feature", "geometry": { "type": "Point", "coordinates": [42.1262303, 42.5196577] },
      "properties": { "id": "site-0229", "city": "chkhorotsku", "name": { "en": "Decorative wall and building facade mosaic (Chkhorotsku)" }, "address": { "en": "Gobechia St, Chkhorotsku" },
        "precision": "building", "access": "public", "visible_from_outside": true,
        "sources": [ { "id": "src-0008", "role": "identity" }, { "id": "src-0008", "role": "location" } ], "origin": "manual", "updated": "2026-10-08" } },
    { "type": "Feature", "geometry": { "type": "Point", "coordinates": [41.7703897, 42.489641] },
      "properties": { "id": "site-0230", "city": "zugdidi", "name": { "en": "Bus stop mosaic (Kakhati)" }, "address": { "en": "Village Kakhati" },
        "precision": "building", "access": "public", "visible_from_outside": true,
        "sources": [ { "id": "src-0008", "role": "identity" }, { "id": "src-0008", "role": "location" } ], "origin": "manual", "updated": "2026-10-08" } },
    { "type": "Feature", "geometry": { "type": "Point", "coordinates": [42.0720094, 42.6108196] },
      "properties": { "id": "site-0231", "city": "tsalenjikha", "name": { "en": "Decoration on the Tea Manufacturing building mosaic (Tsalenjikha)" }, "address": { "en": "Tsalenjikha" },
        "precision": "building", "access": "restricted", "visible_from_outside": true,
        "sources": [ { "id": "src-0008", "role": "identity" }, { "id": "src-0008", "role": "location" } ], "origin": "manual", "updated": "2026-10-08" } },
    { "type": "Feature", "geometry": { "type": "Point", "coordinates": [41.6687769, 42.1588146] },
      "properties": { "id": "site-0232", "city": "poti", "name": { "en": "Decorative wall mosaic (Samegrelo St)" }, "address": { "en": "Samegrelo St" },
        "precision": "building", "access": "public", "visible_from_outside": true,
        "sources": [ { "id": "src-0008", "role": "identity" }, { "id": "src-0008", "role": "location" } ], "origin": "manual", "updated": "2026-10-08" } },
    { "type": "Feature", "geometry": { "type": "Point", "coordinates": [42.0019233, 41.9069843] },
      "properties": { "id": "site-0233", "city": "ozurgeti", "name": { "en": "Bus stop mosaic (Ozurgeti)" }, "address": { "en": "Ozurgeti" },
        "precision": "building", "access": "public", "visible_from_outside": true,
        "sources": [ { "id": "src-0008", "role": "identity" }, { "id": "src-0008", "role": "location" } ], "origin": "manual", "updated": "2026-10-08" } },
    { "type": "Feature", "geometry": { "type": "Point", "coordinates": [43.0242392, 42.5576068] },
      "properties": { "id": "site-0234", "city": "chiatura", "name": { "en": "Bus stop mosaic (Khvantchkara)" }, "address": { "en": "village Khvantchkara" },
        "precision": "building", "access": "public", "visible_from_outside": true,
        "sources": [ { "id": "src-0008", "role": "identity" }, { "id": "src-0008", "role": "location" } ], "origin": "manual", "updated": "2026-10-08" } },
    { "type": "Feature", "geometry": { "type": "Point", "coordinates": [42.9714882, 42.5672139] },
      "properties": { "id": "site-0235", "city": "chiatura", "name": { "en": "Bus stop mosaic (Chrebalo)" }, "address": { "en": "Village Chrebalo" },
        "precision": "building", "access": "public", "visible_from_outside": true,
        "sources": [ { "id": "src-0008", "role": "identity" }, { "id": "src-0008", "role": "location" } ], "origin": "manual", "updated": "2026-10-08" } },
    { "type": "Feature", "geometry": { "type": "Point", "coordinates": [45.7265997, 41.6763737] },
      "properties": { "id": "site-0236", "city": "gurjaani", "name": { "en": "Facade mosaic on region administration building (Arashenda)" }, "address": { "en": "Village Arashenda" },
        "precision": "building", "access": "public", "visible_from_outside": true,
        "sources": [ { "id": "src-0008", "role": "identity" }, { "id": "src-0008", "role": "location" } ], "origin": "manual", "updated": "2026-10-08" } },
    { "type": "Feature", "geometry": { "type": "Point", "coordinates": [42.5919342, 42.3248568] },
      "properties": { "id": "site-0237", "city": "tskaltubo", "name": { "en": "Playground mosaic outside Gelati sanatorium" }, "address": { "en": "Tskaltubo" },
        "precision": "building", "access": "restricted", "visible_from_outside": true,
        "sources": [ { "id": "src-0008", "role": "identity" }, { "id": "src-0008", "role": "location" } ], "origin": "manual", "updated": "2026-10-08" } },
    { "type": "Feature", "geometry": { "type": "Point", "coordinates": [42.0641157, 42.2681315] },
      "properties": { "id": "site-0238", "city": "senaki", "name": { "en": "Residential house facade mosaic (Chavchavadze 93)" }, "address": { "en": "Chavchavadze St 93" },
        "precision": "building", "access": "restricted", "visible_from_outside": true,
        "sources": [ { "id": "src-0008", "role": "identity" }, { "id": "src-0008", "role": "location" } ], "origin": "manual", "updated": "2026-10-08" } },
    { "type": "Feature", "geometry": { "type": "Point", "coordinates": [42.0050079, 42.6576199] },
      "properties": { "id": "site-0239", "city": "tsalenjikha", "name": { "en": "Former Culture House mosaic (Lia)" }, "address": { "en": "Village Lia" },
        "precision": "building", "access": "restricted", "visible_from_outside": true,
        "sources": [ { "id": "src-0008", "role": "identity" }, { "id": "src-0008", "role": "location" } ], "origin": "manual", "updated": "2026-10-08" } },
    { "type": "Feature", "geometry": { "type": "Point", "coordinates": [42.0047852, 42.6579454] },
      "properties": { "id": "site-0240", "city": "tsalenjikha", "name": { "en": "Decorative fence mosaic (Lia)" }, "address": { "en": "Village Lia" },
        "precision": "building", "access": "restricted", "visible_from_outside": true,
        "sources": [ { "id": "src-0008", "role": "identity" }, { "id": "src-0008", "role": "location" } ], "origin": "manual", "updated": "2026-10-08" } },
    { "type": "Feature", "geometry": { "type": "Point", "coordinates": [42.0697188, 42.6090587] },
      "properties": { "id": "site-0241", "city": "tsalenjikha", "name": { "en": "Decorative pool/fountain mosaic (Tsalenjikha)" }, "address": { "en": "Tamar Mepe St" },
        "precision": "building", "access": "public", "visible_from_outside": true,
        "sources": [ { "id": "src-0008", "role": "identity" }, { "id": "src-0008", "role": "location" } ], "origin": "manual", "updated": "2026-10-08" } },
    { "type": "Feature", "geometry": { "type": "Point", "coordinates": [42.2246432, 42.5872295] },
      "properties": { "id": "site-0242", "city": "chkhorotsku", "name": { "en": "Collective farm administration center yard mosaic (Napichkhovo)" }, "address": { "en": "Village Napichkhovo" },
        "precision": "building", "access": "restricted", "visible_from_outside": true,
        "sources": [ { "id": "src-0008", "role": "identity" }, { "id": "src-0008", "role": "location" } ], "origin": "manual", "updated": "2026-10-08" } },
    { "type": "Feature", "geometry": { "type": "Point", "coordinates": [42.2263706, 41.9909641] },
      "properties": { "id": "site-0243", "city": "lanchkhuti", "name": { "en": "Culture house mosaic (Chaisubani)" }, "address": { "en": "Village Chaisubani" },
        "precision": "building", "access": "restricted", "visible_from_outside": true,
        "sources": [ { "id": "src-0008", "role": "identity" }, { "id": "src-0008", "role": "location" } ], "origin": "manual", "updated": "2026-10-08" } },
    { "type": "Feature", "geometry": { "type": "Point", "coordinates": [42.2253031, 41.9912432] },
      "properties": { "id": "site-0244", "city": "lanchkhuti", "name": { "en": "WWII Memorial mosaic (Chaisubani)" }, "address": { "en": "Village Chaisubani" },
        "precision": "building", "access": "public", "visible_from_outside": true,
        "sources": [ { "id": "src-0008", "role": "identity" }, { "id": "src-0008", "role": "location" } ], "origin": "manual", "updated": "2026-10-08" } },
    { "type": "Feature", "geometry": { "type": "Point", "coordinates": [41.803869, 41.9333723] },
      "properties": { "id": "site-0245", "city": "ureki", "name": { "en": "Former Shopping Centre mosaic (Natanebi)" }, "address": { "en": "Village (Kvemo) Natanebi" },
        "precision": "building", "access": "restricted", "visible_from_outside": true,
        "sources": [ { "id": "src-0008", "role": "identity" }, { "id": "src-0008", "role": "location" } ], "origin": "manual", "updated": "2026-10-08" } },
    { "type": "Feature", "geometry": { "type": "Point", "coordinates": [41.8108615, 42.4905014] },
      "properties": { "id": "site-0246", "city": "zugdidi", "name": { "en": "Fountain mosaic (Ingiri)" }, "address": { "en": "village Ingiri" },
        "precision": "building", "access": "public", "visible_from_outside": true,
        "sources": [ { "id": "src-0008", "role": "identity" }, { "id": "src-0008", "role": "location" } ], "origin": "manual", "updated": "2026-10-08" } },
    { "type": "Feature", "geometry": { "type": "Point", "coordinates": [43.2691276, 42.1096928] },
      "properties": { "id": "site-0247", "city": "zestaponi", "name": { "en": "Bus stop mosaic (Boriti)" }, "address": { "en": "Village Boriti" },
        "precision": "building", "access": "public", "visible_from_outside": true,
        "sources": [ { "id": "src-0008", "role": "identity" }, { "id": "src-0008", "role": "location" } ], "origin": "manual", "updated": "2026-10-08" } },
    { "type": "Feature", "geometry": { "type": "Point", "coordinates": [45.9642944, 41.5480541] },
      "properties": { "id": "site-0248", "city": "sighnaghi", "name": { "en": "WWII Memorial mosaic (Arboshiki)" }, "address": { "en": "Village Arboshiki" },
        "precision": "building", "access": "public", "visible_from_outside": true,
        "sources": [ { "id": "src-0008", "role": "identity" }, { "id": "src-0008", "role": "location" } ], "origin": "manual", "updated": "2026-10-08" } },
    { "type": "Feature", "geometry": { "type": "Point", "coordinates": [42.1513599, 42.2473944] },
      "properties": { "id": "site-0249", "city": "tskemi", "name": { "en": "Autorepair mosaic (Tskemi)" }, "address": { "en": "Village Tskemi" },
        "precision": "building", "access": "restricted", "visible_from_outside": true,
        "sources": [ { "id": "src-0008", "role": "identity" }, { "id": "src-0008", "role": "location" } ], "origin": "manual", "updated": "2026-10-08" } },
    { "type": "Feature", "geometry": { "type": "Point", "coordinates": [41.8140668, 41.7527391] },
      "properties": { "id": "site-0250", "city": "kobuleti", "name": { "en": "Bus stop mosaic (Kveda Dagva)" }, "address": { "en": "Kveda Dagva" },
        "precision": "building", "access": "public", "visible_from_outside": true,
        "sources": [ { "id": "src-0008", "role": "identity" }, { "id": "src-0008", "role": "location" } ], "origin": "manual", "updated": "2026-10-08" } },
    { "type": "Feature", "geometry": { "type": "Point", "coordinates": [41.9172768, 42.3123531] },
      "properties": { "id": "site-0251", "city": "senaki", "name": { "en": "Former Paper factory mosaic (Khobi)" }, "address": { "en": "Khobi" },
        "precision": "building", "access": "restricted", "visible_from_outside": true,
        "sources": [ { "id": "src-0008", "role": "identity" }, { "id": "src-0008", "role": "location" } ], "origin": "manual", "updated": "2026-10-08" } },
    { "type": "Feature", "geometry": { "type": "Point", "coordinates": [42.1196913, 42.5100272] },
      "properties": { "id": "site-0252", "city": "chkhorotsku", "name": { "en": "Former School mosaic (Chkhorotsku)" }, "address": { "en": "Chkhorotsku" },
        "precision": "building", "access": "restricted", "visible_from_outside": true,
        "sources": [ { "id": "src-0008", "role": "identity" }, { "id": "src-0008", "role": "location" } ], "origin": "manual", "updated": "2026-10-08" } },
    { "type": "Feature", "geometry": { "type": "Point", "coordinates": [42.0690064, 42.6116425] },
      "properties": { "id": "site-0253", "city": "tsalenjikha", "name": { "en": "Pool at Hospital mosaic (Tsalenjikha)" }, "address": { "en": "Tsalenjikha" },
        "precision": "building", "access": "restricted", "visible_from_outside": true,
        "sources": [ { "id": "src-0008", "role": "identity" }, { "id": "src-0008", "role": "location" } ], "origin": "manual", "updated": "2026-10-08" } },
    { "type": "Feature", "geometry": { "type": "Point", "coordinates": [42.0793589, 42.6066105] },
      "properties": { "id": "site-0254", "city": "tsalenjikha", "name": { "en": "Monument mosaic (Tsalenjikha)" }, "address": { "en": "Tsalenjikha" },
        "precision": "building", "access": "public", "visible_from_outside": true,
        "sources": [ { "id": "src-0008", "role": "identity" }, { "id": "src-0008", "role": "location" } ], "origin": "manual", "updated": "2026-10-08" } },
    { "type": "Feature", "geometry": { "type": "Point", "coordinates": [42.0538526, 42.7149673] },
      "properties": { "id": "site-0255", "city": "tsalenjikha", "name": { "en": "Kindergarten mosaic (Jvari)" }, "address": { "en": "Jvari" },
        "precision": "building", "access": "restricted", "visible_from_outside": true,
        "sources": [ { "id": "src-0008", "role": "identity" }, { "id": "src-0008", "role": "location" } ], "origin": "manual", "updated": "2026-10-08" } },
    { "type": "Feature", "geometry": { "type": "Point", "coordinates": [44.7153281, 41.4745313] },
      "properties": { "id": "site-0256", "city": "marneuli", "name": { "en": "Culture Club mosaic (Tamarisi)" }, "address": { "en": "Village Tamarisi" },
        "precision": "building", "access": "restricted", "visible_from_outside": true,
        "sources": [ { "id": "src-0008", "role": "identity" }, { "id": "src-0008", "role": "location" } ], "origin": "manual", "updated": "2026-10-08" } },
    { "type": "Feature", "geometry": { "type": "Point", "coordinates": [42.1433938, 42.2494315] },
      "properties": { "id": "site-0257", "city": "nosiri", "name": { "en": "Bus stop mosaic (Nosiri)" }, "address": { "en": "Village Nosiri" },
        "precision": "building", "access": "public", "visible_from_outside": true,
        "sources": [ { "id": "src-0008", "role": "identity" }, { "id": "src-0008", "role": "location" } ], "origin": "manual", "updated": "2026-10-08" } },
    { "type": "Feature", "geometry": { "type": "Point", "coordinates": [42.1552974, 42.2439077] },
      "properties": { "id": "site-0258", "city": "tskemi", "name": { "en": "Bus stop mosaic (Tskemi)" }, "address": { "en": "Village Tskemi" },
        "precision": "building", "access": "public", "visible_from_outside": true,
        "sources": [ { "id": "src-0008", "role": "identity" }, { "id": "src-0008", "role": "location" } ], "origin": "manual", "updated": "2026-10-08" } },
    { "type": "Feature", "geometry": { "type": "Point", "coordinates": [42.161386, 42.2354802] },
      "properties": { "id": "site-0259", "city": "abasha", "name": { "en": "Bus stop mosaic (Abasha)" }, "address": { "en": "Village Abasha" },
        "precision": "building", "access": "public", "visible_from_outside": true,
        "sources": [ { "id": "src-0008", "role": "identity" }, { "id": "src-0008", "role": "location" } ], "origin": "manual", "updated": "2026-10-08" } },
    { "type": "Feature", "geometry": { "type": "Point", "coordinates": [42.2212905, 42.1955952] },
      "properties": { "id": "site-0260", "city": "abasha", "name": { "en": "Bus stop mosaic (Abasha, Vazisubani)" }, "address": { "en": "Village Abasha" },
        "precision": "building", "access": "public", "visible_from_outside": true,
        "sources": [ { "id": "src-0008", "role": "identity" }, { "id": "src-0008", "role": "location" } ], "origin": "manual", "updated": "2026-10-08" } },
    { "type": "Feature", "geometry": { "type": "Point", "coordinates": [44.5155716, 42.5611729] },
      "properties": { "id": "site-0261", "city": "kobi", "name": { "en": "Bus stop mosaic (Kobi)" }, "address": { "en": "Village Kobi" },
        "precision": "building", "access": "public", "visible_from_outside": true,
        "sources": [ { "id": "src-0008", "role": "identity" }, { "id": "src-0008", "role": "location" } ], "origin": "manual", "updated": "2026-10-08" } },
    { "type": "Feature", "geometry": { "type": "Point", "coordinates": [45.9214783, 41.6143514] },
      "properties": { "id": "site-0262", "city": "sighnaghi", "name": { "en": "Decorative Wall mosaic (Sighnaghi entrance)" }, "address": { "en": "Sighnaghi entrance" },
        "precision": "building", "access": "public", "visible_from_outside": true,
        "sources": [ { "id": "src-0008", "role": "identity" }, { "id": "src-0008", "role": "location" } ], "origin": "manual", "updated": "2026-10-08" } },
    { "type": "Feature", "geometry": { "type": "Point", "coordinates": [42.3080492, 42.1047499] },
      "properties": { "id": "site-0263", "city": "abasha", "name": { "en": "Bus Stop mosaic (near Sajavakho)" }, "address": { "en": "Close to Village Sajavakho" },
        "precision": "building", "access": "public", "visible_from_outside": true,
        "sources": [ { "id": "src-0008", "role": "identity" }, { "id": "src-0008", "role": "location" } ], "origin": "manual", "updated": "2026-10-08" } },
    { "type": "Feature", "geometry": { "type": "Point", "coordinates": [42.2486222, 42.0968611] },
      "properties": { "id": "site-0264", "city": "abasha", "name": { "en": "Bus Stop mosaic (Vazisubani)" }, "address": { "en": "Village Vazisubani" },
        "precision": "building", "access": "public", "visible_from_outside": true,
        "sources": [ { "id": "src-0008", "role": "identity" }, { "id": "src-0008", "role": "location" } ], "origin": "manual", "updated": "2026-10-08" } },
    { "type": "Feature", "geometry": { "type": "Point", "coordinates": [41.8197584, 42.0485358] },
      "properties": { "id": "site-0265", "city": "ureki", "name": { "en": "Decorative Wall mosaic (Supsa)" }, "address": { "en": "At Village Supsa" },
        "precision": "building", "access": "public", "visible_from_outside": true,
        "sources": [ { "id": "src-0008", "role": "identity" }, { "id": "src-0008", "role": "location" } ], "origin": "manual", "updated": "2026-10-08" } },
    { "type": "Feature", "geometry": { "type": "Point", "coordinates": [42.0778352, 42.0748772] },
      "properties": { "id": "site-0266", "city": "lanchkhuti", "name": { "en": "Bus Stop mosaic (Shukhuti)" }, "address": { "en": "Village Shukhuti" },
        "precision": "building", "access": "public", "visible_from_outside": true,
        "sources": [ { "id": "src-0008", "role": "identity" }, { "id": "src-0008", "role": "location" } ], "origin": "manual", "updated": "2026-10-08" } },
    { "type": "Feature", "geometry": { "type": "Point", "coordinates": [44.9673414, 42.0928706] },
      "properties": { "id": "site-0267", "city": "natakhtari", "name": { "en": "Decorative Structure mosaic (Tianeti)" }, "address": { "en": "Tianeti" },
        "precision": "building", "access": "restricted", "visible_from_outside": true,
        "sources": [ { "id": "src-0008", "role": "identity" }, { "id": "src-0008", "role": "location" } ], "origin": "manual", "updated": "2026-10-08" } },
    { "type": "Feature", "geometry": { "type": "Point", "coordinates": [44.7343513, 41.8814699] },
      "properties": { "id": "site-0268", "city": "mtskheta", "name": { "en": "Bus stop mosaic (Saguramo)" }, "address": { "en": "Saguramo" },
        "precision": "building", "access": "public", "visible_from_outside": true,
        "sources": [ { "id": "src-0008", "role": "identity" }, { "id": "src-0008", "role": "location" } ], "origin": "manual", "updated": "2026-10-08" } },
    { "type": "Feature", "geometry": { "type": "Point", "coordinates": [41.9543866, 41.9062995] },
      "properties": { "id": "site-0269", "city": "anaseuli", "name": { "en": "Bus stop mosaic (Naruja)" }, "address": { "en": "Village Naruja" },
        "precision": "building", "access": "public", "visible_from_outside": true,
        "sources": [ { "id": "src-0008", "role": "identity" }, { "id": "src-0008", "role": "location" } ], "origin": "manual", "updated": "2026-10-08" } },
    { "type": "Feature", "geometry": { "type": "Point", "coordinates": [41.8947101, 41.9407686] },
      "properties": { "id": "site-0270", "city": "anaseuli", "name": { "en": "Bus stop mosaic (Meria)" }, "address": { "en": "Village Meria" },
        "precision": "building", "access": "public", "visible_from_outside": true,
        "sources": [ { "id": "src-0008", "role": "identity" }, { "id": "src-0008", "role": "location" } ], "origin": "manual", "updated": "2026-10-08" } },
    { "type": "Feature", "geometry": { "type": "Point", "coordinates": [41.9582462, 41.9424664] },
      "properties": { "id": "site-0271", "city": "anaseuli", "name": { "en": "Bus stop mosaic (Gurianta)" }, "address": { "en": "Village Gurianta" },
        "precision": "building", "access": "public", "visible_from_outside": true,
        "sources": [ { "id": "src-0008", "role": "identity" }, { "id": "src-0008", "role": "location" } ], "origin": "manual", "updated": "2026-10-08" } },
    { "type": "Feature", "geometry": { "type": "Point", "coordinates": [41.8399608, 41.9854417] },
      "properties": { "id": "site-0272", "city": "ureki", "name": { "en": "Decorative wall mosaic (Shroma)" }, "address": { "en": "Village Shroma" },
        "precision": "building", "access": "public", "visible_from_outside": true,
        "sources": [ { "id": "src-0008", "role": "identity" }, { "id": "src-0008", "role": "location" } ], "origin": "manual", "updated": "2026-10-08" } },
    { "type": "Feature", "geometry": { "type": "Point", "coordinates": [45.833644, 41.7069961] },
      "properties": { "id": "site-0273", "city": "gurjaani", "name": { "en": "Decorative wall mosaic (Dzirkoki)" }, "address": { "en": "Village Dzirkoki" },
        "precision": "building", "access": "public", "visible_from_outside": true,
        "sources": [ { "id": "src-0008", "role": "identity" }, { "id": "src-0008", "role": "location" } ], "origin": "manual", "updated": "2026-10-08" } },
    { "type": "Feature", "geometry": { "type": "Point", "coordinates": [44.4824409, 41.5522092] },
      "properties": { "id": "site-0274", "city": "tetritskaro", "name": { "en": "Decorative wall mosaic (Tetritskaro, west)" }, "address": { "en": "Tetritskaro" },
        "precision": "building", "access": "public", "visible_from_outside": true,
        "sources": [ { "id": "src-0008", "role": "identity" }, { "id": "src-0008", "role": "location" } ], "origin": "manual", "updated": "2026-10-08" } },
    { "type": "Feature", "geometry": { "type": "Point", "coordinates": [44.4789165, 41.5514947] },
      "properties": { "id": "site-0275", "city": "tetritskaro", "name": { "en": "Decorative wall mosaic (Tetritskaro, east)" }, "address": { "en": "Tetritskaro" },
        "precision": "building", "access": "public", "visible_from_outside": true,
        "sources": [ { "id": "src-0008", "role": "identity" }, { "id": "src-0008", "role": "location" } ], "origin": "manual", "updated": "2026-10-08" } },
    { "type": "Feature", "geometry": { "type": "Point", "coordinates": [42.2915298, 42.5289629] },
      "properties": { "id": "site-0276", "city": "chkhorotsku", "name": { "en": "Bus stop mosaic (Lezhvanie)" }, "address": { "en": "Lezhvanie" },
        "precision": "building", "access": "public", "visible_from_outside": true,
        "sources": [ { "id": "src-0008", "role": "identity" }, { "id": "src-0008", "role": "location" } ], "origin": "manual", "updated": "2026-10-08" } },
    { "type": "Feature", "geometry": { "type": "Point", "coordinates": [42.090821, 42.2755167] },
      "properties": { "id": "site-0277", "city": "senaki", "name": { "en": "Bus stop mosaic (Senaki)" }, "address": { "en": "Senaki" },
        "precision": "building", "access": "public", "visible_from_outside": true,
        "sources": [ { "id": "src-0008", "role": "identity" }, { "id": "src-0008", "role": "location" } ], "origin": "manual", "updated": "2026-10-08" } },
    { "type": "Feature", "geometry": { "type": "Point", "coordinates": [42.0803401, 42.6023009] },
      "properties": { "id": "site-0278", "city": "tsalenjikha", "name": { "en": "Decorative Wall mosaic (Tsalenjikha)" }, "address": { "en": "Tsalenjikha" },
        "precision": "building", "access": "public", "visible_from_outside": true,
        "sources": [ { "id": "src-0008", "role": "identity" }, { "id": "src-0008", "role": "location" } ], "origin": "manual", "updated": "2026-10-08" } },
    { "type": "Feature", "geometry": { "type": "Point", "coordinates": [42.5946707, 42.3139546] },
      "properties": { "id": "site-0279", "city": "tskaltubo", "name": { "en": "Bus stop mosaic (Tskaltubo)" }, "address": { "en": "Tskaltubo" },
        "precision": "building", "access": "public", "visible_from_outside": true,
        "sources": [ { "id": "src-0008", "role": "identity" }, { "id": "src-0008", "role": "location" } ], "origin": "manual", "updated": "2026-10-08" } },
    { "type": "Feature", "geometry": { "type": "Point", "coordinates": [44.79431, 41.71614] },
      "properties": { "id": "site-0280", "city": "tbilisi", "name": { "en": "Giorgi Maskharashvili mural" }, "address": { "en": "139 Aghmashenebeli Ave" },
        "precision": "building", "access": "public", "visible_from_outside": true,
        "sources": [ { "id": "src-0012", "role": "identity" }, { "id": "src-0006", "role": "identity" }, { "id": "src-0012", "role": "location" } ], "origin": "manual", "updated": "2026-10-08" } },
    { "type": "Feature", "geometry": { "type": "Point", "coordinates": [44.88300, 41.69883] },
      "properties": { "id": "site-0281", "city": "tbilisi", "name": { "en": "Nona Gaprindashvili" }, "address": { "en": "Varketili (marker 34)" },
        "precision": "building", "access": "public", "visible_from_outside": true,
        "sources": [ { "id": "src-0013", "role": "identity" }, { "id": "src-0006", "role": "identity" }, { "id": "src-0013", "role": "location" } ], "origin": "manual", "updated": "2026-10-08" } },
    { "type": "Feature", "geometry": { "type": "Point", "coordinates": [44.79176, 41.69580] },
      "properties": { "id": "site-0282", "city": "tbilisi", "name": { "en": "King Rostevan" }, "address": { "en": "24 Daniel Chonqadze II Dead End" },
        "precision": "building", "access": "public", "visible_from_outside": true,
        "sources": [ { "id": "src-0013", "role": "identity" }, { "id": "src-0006", "role": "identity" }, { "id": "src-0013", "role": "location" } ], "origin": "manual", "updated": "2026-10-08" } },
    { "type": "Feature", "geometry": { "type": "Point", "coordinates": [44.78419, 41.73298] },
      "properties": { "id": "site-0283", "city": "tbilisi", "name": { "en": "Swans" }, "address": { "en": "74 Akaki Tsereteli Ave" },
        "precision": "building", "access": "public", "visible_from_outside": true,
        "sources": [ { "id": "src-0013", "role": "identity" }, { "id": "src-0007", "role": "identity" }, { "id": "src-0013", "role": "location" } ], "origin": "manual", "updated": "2026-10-08" } },
    { "type": "Feature", "geometry": { "type": "Point", "coordinates": [44.77159, 41.72091] },
      "properties": { "id": "site-0284", "city": "tbilisi", "name": { "en": "Girl in the Mirrors" }, "address": { "en": "Vazisubani" },
        "precision": "building", "access": "public", "visible_from_outside": true,
        "sources": [ { "id": "src-0014", "role": "identity" }, { "id": "src-0013", "role": "identity" }, { "id": "src-0014", "role": "location" } ], "origin": "manual", "updated": "2026-10-08" } },
    { "type": "Feature", "geometry": { "type": "Point", "coordinates": [44.76742, 41.72202] },
      "properties": { "id": "site-0285", "city": "tbilisi", "name": { "en": "26 May (Independence Act)" }, "address": { "en": "Sulkhan Tsintsadze St 39" },
        "precision": "building", "access": "public", "visible_from_outside": true,
        "sources": [ { "id": "src-0013", "role": "identity" }, { "id": "src-0007", "role": "identity" }, { "id": "src-0013", "role": "location" } ], "origin": "manual", "updated": "2026-10-08" } },
    { "type": "Feature", "geometry": { "type": "Point", "coordinates": [44.80937, 41.69464] },
      "properties": { "id": "site-0286", "city": "tbilisi", "name": { "en": "Abstract" }, "address": { "en": "Nikoloz Baratashvili Rise / Rike Park" },
        "precision": "building", "access": "public", "visible_from_outside": true,
        "sources": [ { "id": "src-0013", "role": "identity" }, { "id": "src-0007", "role": "identity" }, { "id": "src-0006", "role": "identity" }, { "id": "src-0013", "role": "location" } ], "origin": "manual", "updated": "2026-10-08" } },
    { "type": "Feature", "geometry": { "type": "Point", "coordinates": [44.75332, 41.71228] },
      "properties": { "id": "site-0287", "city": "tbilisi", "name": { "en": "Locked Down in Golden Cage" }, "address": { "en": "Ilia Chavchavadze Ave 39B" },
        "precision": "building", "access": "public", "visible_from_outside": true,
        "sources": [ { "id": "src-0013", "role": "identity" }, { "id": "src-0007", "role": "identity" }, { "id": "src-0013", "role": "location" } ], "origin": "manual", "updated": "2026-10-08" } },
    { "type": "Feature", "geometry": { "type": "Point", "coordinates": [44.76770, 41.71793] },
      "properties": { "id": "site-0288", "city": "tbilisi", "name": { "en": "Peacemakers" }, "address": { "en": "Likhauri Lane 20" },
        "precision": "building", "access": "public", "visible_from_outside": true,
        "sources": [ { "id": "src-0013", "role": "identity" }, { "id": "src-0007", "role": "identity" }, { "id": "src-0006", "role": "identity" }, { "id": "src-0013", "role": "location" } ], "origin": "manual", "updated": "2026-10-08" } },
    { "type": "Feature", "geometry": { "type": "Point", "coordinates": [44.75786, 41.71874] },
      "properties": { "id": "site-0289", "city": "tbilisi", "name": { "en": "The Tbilisi Legend" }, "address": { "en": "Kakutsa Cholokashvili Hwy" },
        "precision": "building", "access": "public", "visible_from_outside": true,
        "sources": [ { "id": "src-0013", "role": "identity" }, { "id": "src-0006", "role": "identity" }, { "id": "src-0013", "role": "location" } ], "origin": "manual", "updated": "2026-10-08" } },
    { "type": "Feature", "geometry": { "type": "Point", "coordinates": [44.76824, 41.71164] },
      "properties": { "id": "site-0290", "city": "tbilisi", "name": { "en": "Horse" }, "address": { "en": "Nino Ramishvili St 23" },
        "precision": "building", "access": "public", "visible_from_outside": true,
        "sources": [ { "id": "src-0013", "role": "identity" }, { "id": "src-0006", "role": "identity" }, { "id": "src-0013", "role": "location" } ], "origin": "manual", "updated": "2026-10-08" } },
    { "type": "Feature", "geometry": { "type": "Point", "coordinates": [44.77246, 41.72135] },
      "properties": { "id": "site-0291", "city": "tbilisi", "name": { "en": "Portal" }, "address": { "en": "Saburtalo" },
        "precision": "building", "access": "public", "visible_from_outside": true,
        "sources": [ { "id": "src-0013", "role": "identity" }, { "id": "src-0006", "role": "identity" }, { "id": "src-0013", "role": "location" } ], "origin": "manual", "updated": "2026-10-08" } },
    { "type": "Feature", "geometry": { "type": "Point", "coordinates": [44.76030, 41.71794] },
      "properties": { "id": "site-0292", "city": "tbilisi", "name": { "en": "Sweet Wall" }, "address": { "en": "Zaza Panaskertel-Tsitsishvili St 18a" },
        "precision": "building", "access": "public", "visible_from_outside": true,
        "sources": [ { "id": "src-0007", "role": "identity" }, { "id": "src-0006", "role": "identity" }, { "id": "src-0007", "role": "location" } ], "origin": "manual", "updated": "2026-10-08" } },
    { "type": "Feature", "geometry": { "type": "Point", "coordinates": [44.80148, 41.69077] },
      "properties": { "id": "site-0293", "city": "tbilisi", "name": { "en": "Amirani / Prometheus" }, "address": { "en": "Pekini Ave 45" },
        "precision": "building", "access": "public", "visible_from_outside": true,
        "sources": [ { "id": "src-0007", "role": "identity" }, { "id": "src-0006", "role": "identity" }, { "id": "src-0007", "role": "location" } ], "origin": "manual", "updated": "2026-10-08" } },
    { "type": "Feature", "geometry": { "type": "Point", "coordinates": [44.77782, 41.70834] },
      "properties": { "id": "site-0294", "city": "tbilisi", "name": { "en": "Apkhe" }, "address": { "en": "Zaza Panaskertel-Tsitsishvili St 1" },
        "precision": "building", "access": "public", "visible_from_outside": true,
        "sources": [ { "id": "src-0007", "role": "identity" }, { "id": "src-0006", "role": "identity" }, { "id": "src-0007", "role": "location" } ], "origin": "manual", "updated": "2026-10-08" } },
    { "type": "Feature", "geometry": { "type": "Point", "coordinates": [44.79246, 41.68968] },
      "properties": { "id": "site-0295", "city": "tbilisi", "name": { "en": "Rebel" }, "address": { "en": "Nutsubidze 3rd Microdistrict, Bl.2, 13B" },
        "precision": "building", "access": "public", "visible_from_outside": true,
        "sources": [ { "id": "src-0007", "role": "identity" }, { "id": "src-0006", "role": "identity" }, { "id": "src-0007", "role": "location" } ], "origin": "manual", "updated": "2026-10-08" } },
    { "type": "Feature", "geometry": { "type": "Point", "coordinates": [44.75927, 41.71941] },
      "properties": { "id": "site-0296", "city": "tbilisi", "name": { "en": "Abstract #1" }, "address": { "en": "Ignat Ninoshvili St 53" },
        "precision": "building", "access": "public", "visible_from_outside": true,
        "sources": [ { "id": "src-0007", "role": "identity" }, { "id": "src-0006", "role": "identity" }, { "id": "src-0007", "role": "location" } ], "origin": "manual", "updated": "2026-10-08" } },
    { "type": "Feature", "geometry": { "type": "Point", "coordinates": [44.75956, 41.71733] },
      "properties": { "id": "site-0297", "city": "tbilisi", "name": { "en": "Abstract (Dr. Kartelović)" }, "address": { "en": "Varketili, Quarter 2" },
        "precision": "building", "access": "public", "visible_from_outside": true,
        "sources": [ { "id": "src-0007", "role": "identity" }, { "id": "src-0006", "role": "identity" }, { "id": "src-0007", "role": "location" } ], "origin": "manual", "updated": "2026-10-08" } },
    { "type": "Feature", "geometry": { "type": "Point", "coordinates": [44.71638, 41.72522] },
      "properties": { "id": "site-0298", "city": "tbilisi", "name": { "en": "Growth" }, "address": { "en": "Saburtalo" },
        "precision": "building", "access": "public", "visible_from_outside": true,
        "sources": [ { "id": "src-0015", "role": "identity" }, { "id": "src-0006", "role": "identity" }, { "id": "src-0015", "role": "location" } ], "origin": "manual", "updated": "2026-10-08" } },
    { "type": "Feature", "geometry": { "type": "Point", "coordinates": [44.88008, 41.70196] },
      "properties": { "id": "site-0299", "city": "tbilisi", "name": { "en": "Ilia's House" }, "address": { "en": "Varketili" },
        "precision": "building", "access": "public", "visible_from_outside": true,
        "sources": [ { "id": "src-0015", "role": "identity" }, { "id": "src-0006", "role": "identity" }, { "id": "src-0015", "role": "location" } ], "origin": "manual", "updated": "2026-10-08" } },
    { "type": "Feature", "geometry": { "type": "Point", "coordinates": [44.88288, 41.69895] },
      "properties": { "id": "site-0300", "city": "tbilisi", "name": { "en": "Boy" }, "address": { "en": "Varketili" },
        "precision": "building", "access": "public", "visible_from_outside": true,
        "sources": [ { "id": "src-0015", "role": "identity" }, { "id": "src-0006", "role": "identity" }, { "id": "src-0015", "role": "location" } ], "origin": "manual", "updated": "2026-10-08" } },
    { "type": "Feature", "geometry": { "type": "Point", "coordinates": [44.88349, 41.70710] },
      "properties": { "id": "site-0301", "city": "tbilisi", "name": { "en": "Flowers to My Mother" }, "address": { "en": "Varketili" },
        "precision": "building", "access": "public", "visible_from_outside": true,
        "sources": [ { "id": "src-0015", "role": "identity" }, { "id": "src-0006", "role": "identity" }, { "id": "src-0015", "role": "location" } ], "origin": "manual", "updated": "2026-10-08" } },
    { "type": "Feature", "geometry": { "type": "Point", "coordinates": [44.77227, 41.72099] },
      "properties": { "id": "site-0302", "city": "tbilisi", "name": { "en": "BlueTabla" }, "address": { "en": "Vazisubani" },
        "precision": "building", "access": "public", "visible_from_outside": true,
        "sources": [ { "id": "src-0015", "role": "identity" }, { "id": "src-0006", "role": "identity" }, { "id": "src-0015", "role": "location" } ], "origin": "manual", "updated": "2026-10-08" } },
    { "type": "Feature", "geometry": { "type": "Point", "coordinates": [42.71195, 42.26084] },
      "properties": { "id": "site-0303", "city": "kutaisi", "name": { "en": "In Woods" }, "address": { "en": "D. Mandaria St" },
        "precision": "building", "access": "public", "visible_from_outside": true,
        "sources": [ { "id": "src-0013", "role": "identity" }, { "id": "src-0007", "role": "identity" }, { "id": "src-0013", "role": "location" } ], "origin": "manual", "updated": "2026-10-08" } },
    { "type": "Feature", "geometry": { "type": "Point", "coordinates": [41.640565, 41.648827] },
      "properties": { "id": "site-0304", "city": "batumi", "name": { "en": "Fishermen" }, "address": { "en": "19 Vakhtang Gorgasali St" },
        "precision": "building", "access": "public", "visible_from_outside": true,
        "sources": [ { "id": "src-0007", "role": "identity" }, { "id": "src-0013", "role": "identity" }, { "id": "src-0007", "role": "location" } ], "origin": "manual", "updated": "2026-10-08" } },
    { "type": "Feature", "geometry": { "type": "Point", "coordinates": [41.627697, 41.644566] },
      "properties": { "id": "site-0305", "city": "batumi", "name": { "en": "European Sea Sturgeon" }, "address": { "en": "Batumi" },
        "precision": "building", "access": "public", "visible_from_outside": true,
        "sources": [ { "id": "src-0007", "role": "identity" }, { "id": "src-0013", "role": "identity" }, { "id": "src-0007", "role": "location" } ], "origin": "manual", "updated": "2026-10-08" } },
    { "type": "Feature", "geometry": { "type": "Point", "coordinates": [41.623603, 41.643494] },
      "properties": { "id": "site-0306", "city": "batumi", "name": { "en": "Abstraction - Tsar Parnavaz" }, "address": { "en": "Batumi" },
        "precision": "building", "access": "public", "visible_from_outside": true,
        "sources": [ { "id": "src-0007", "role": "identity" }, { "id": "src-0013", "role": "identity" }, { "id": "src-0007", "role": "location" } ], "origin": "manual", "updated": "2026-10-08" } },
    { "type": "Feature", "geometry": { "type": "Point", "coordinates": [44.88180, 41.70132] },
      "properties": { "id": "site-0307", "city": "tbilisi", "name": { "en": "Autumn Conductor" }, "address": { "en": "Varketili-3, Q2, 1A" },
        "precision": "building", "access": "public", "visible_from_outside": true,
        "sources": [ { "id": "src-0007", "role": "identity" }, { "id": "src-0007", "role": "location" } ], "origin": "manual", "updated": "2026-10-08" } },
    { "type": "Feature", "geometry": { "type": "Point", "coordinates": [44.80691, 41.68939] },
      "properties": { "id": "site-0308", "city": "tbilisi", "name": { "en": "Shiva the Cat" }, "address": { "en": "Betlemi St 26" },
        "precision": "building", "access": "public", "visible_from_outside": true,
        "sources": [ { "id": "src-0007", "role": "identity" }, { "id": "src-0007", "role": "location" } ], "origin": "manual", "updated": "2026-10-08" } },
    { "type": "Feature", "geometry": { "type": "Point", "coordinates": [44.78488, 41.72640] },
      "properties": { "id": "site-0309", "city": "tbilisi", "name": { "en": "Girl in a Dream" }, "address": { "en": "Vakhushti Bagrationi St 16" },
        "precision": "building", "access": "public", "visible_from_outside": true,
        "sources": [ { "id": "src-0007", "role": "identity" }, { "id": "src-0007", "role": "location" } ], "origin": "manual", "updated": "2026-10-08" } },
    { "type": "Feature", "geometry": { "type": "Point", "coordinates": [44.79941, 41.71450] },
      "properties": { "id": "site-0310", "city": "tbilisi", "name": { "en": "Ode to Street Art" }, "address": { "en": "Ignat Ninoshvili St 40" },
        "precision": "building", "access": "public", "visible_from_outside": true,
        "sources": [ { "id": "src-0007", "role": "identity" }, { "id": "src-0007", "role": "location" } ], "origin": "manual", "updated": "2026-10-08" } },
    { "type": "Feature", "geometry": { "type": "Point", "coordinates": [44.88045, 41.70412] },
      "properties": { "id": "site-0311", "city": "tbilisi", "name": { "en": "Joestar (SOW IV YTBG)" }, "address": { "en": "Varketili-3, microdistrict 3A, bldg 318" },
        "precision": "building", "access": "public", "visible_from_outside": true,
        "sources": [ { "id": "src-0015", "role": "identity" }, { "id": "src-0007", "role": "identity" }, { "id": "src-0015", "role": "location" } ], "origin": "manual", "updated": "2026-10-08" } },
    { "type": "Feature", "geometry": { "type": "Point", "coordinates": [42.70486, 42.27320] },
      "properties": { "id": "site-0312", "city": "kutaisi", "name": { "en": "Rezo Gabriadze - Wall Painting" }, "address": { "en": "Varlamishvili St 34" },
        "precision": "building", "access": "public", "visible_from_outside": true,
        "sources": [ { "id": "src-0007", "role": "identity" }, { "id": "src-0007", "role": "location" } ], "origin": "manual", "updated": "2026-10-08" } },
    { "type": "Feature", "geometry": { "type": "Point", "coordinates": [41.625043, 41.644440] },
      "properties": { "id": "site-0313", "city": "batumi", "name": { "en": "Girl with the Swan" }, "address": { "en": "Lermontova 21" },
        "precision": "building", "access": "public", "visible_from_outside": true,
        "sources": [ { "id": "src-0007", "role": "identity" }, { "id": "src-0016", "role": "identity" }, { "id": "src-0007", "role": "location" } ], "origin": "manual", "updated": "2026-10-08" } },
    { "type": "Feature", "geometry": { "type": "Point", "coordinates": [41.617593, 41.640989] },
      "properties": { "id": "site-0314", "city": "batumi", "name": { "en": "Man with the Mule" }, "address": { "en": "Batumi" },
        "precision": "building", "access": "public", "visible_from_outside": true,
        "sources": [ { "id": "src-0007", "role": "identity" }, { "id": "src-0016", "role": "identity" }, { "id": "src-0007", "role": "location" } ], "origin": "manual", "updated": "2026-10-08" } },
    { "type": "Feature", "geometry": { "type": "Point", "coordinates": [41.634093, 41.645858] },
      "properties": { "id": "site-0315", "city": "batumi", "name": { "en": "Flower Girl / Girls in Red" }, "address": { "en": "Batumi" },
        "precision": "building", "access": "public", "visible_from_outside": true,
        "sources": [ { "id": "src-0007", "role": "identity" }, { "id": "src-0007", "role": "location" } ], "origin": "manual", "updated": "2026-10-08" } },
    { "type": "Feature", "geometry": { "type": "Point", "coordinates": [41.626554, 41.649549] },
      "properties": { "id": "site-0316", "city": "batumi", "name": { "en": "Khvicha Kvaratskhelia" }, "address": { "en": "Batumi State University" },
        "precision": "building", "access": "public", "visible_from_outside": true,
        "sources": [ { "id": "src-0007", "role": "identity" }, { "id": "src-0007", "role": "location" } ], "origin": "manual", "updated": "2026-10-08" } },
    { "type": "Feature", "geometry": { "type": "Point", "coordinates": [41.622807, 41.640510] },
      "properties": { "id": "site-0317", "city": "batumi", "name": { "en": "Underwater World / Javakhishvili" }, "address": { "en": "Batumi" },
        "precision": "building", "access": "public", "visible_from_outside": true,
        "sources": [ { "id": "src-0007", "role": "identity" }, { "id": "src-0016", "role": "identity" }, { "id": "src-0007", "role": "location" } ], "origin": "manual", "updated": "2026-10-08" } },
    { "type": "Feature", "geometry": { "type": "Point", "coordinates": [41.630043, 41.648103] },
      "properties": { "id": "site-0318", "city": "batumi", "name": { "en": "MEAMA" }, "address": { "en": "Batumi" },
        "precision": "building", "access": "public", "visible_from_outside": true,
        "sources": [ { "id": "src-0007", "role": "identity" }, { "id": "src-0007", "role": "location" } ], "origin": "manual", "updated": "2026-10-08" } },
    { "type": "Feature", "geometry": { "type": "Point", "coordinates": [41.639706, 41.649310] },
      "properties": { "id": "site-0319", "city": "batumi", "name": { "en": "The Fox" }, "address": { "en": "Batumi" },
        "precision": "building", "access": "public", "visible_from_outside": true,
        "sources": [ { "id": "src-0007", "role": "identity" }, { "id": "src-0007", "role": "location" } ], "origin": "manual", "updated": "2026-10-08" } },
    { "type": "Feature", "geometry": { "type": "Point", "coordinates": [41.614913, 41.643149] },
      "properties": { "id": "site-0320", "city": "batumi", "name": { "en": "Batumi (Batumis Tskali)" }, "address": { "en": "Batumi" },
        "precision": "building", "access": "public", "visible_from_outside": true,
        "sources": [ { "id": "src-0007", "role": "identity" }, { "id": "src-0007", "role": "location" } ], "origin": "manual", "updated": "2026-10-08" } },
    { "type": "Feature", "geometry": { "type": "Point", "coordinates": [44.80930, 41.71180] },
      "properties": { "id": "site-0321", "city": "tbilisi", "name": { "en": "Fabrika facade (various)" }, "address": { "en": "Fabrika Tbilisi" },
        "precision": "building", "access": "public", "visible_from_outside": true,
        "sources": [ { "id": "src-0015", "role": "identity" }, { "id": "src-0015", "role": "location" } ], "origin": "manual", "updated": "2026-10-08" } },
    { "type": "Feature", "geometry": { "type": "Point", "coordinates": [44.88288, 41.69895] },
      "properties": { "id": "site-0322", "city": "tbilisi", "name": { "en": "Trust" }, "address": { "en": "Varketili" },
        "precision": "building", "access": "public", "visible_from_outside": true,
        "sources": [ { "id": "src-0015", "role": "identity" }, { "id": "src-0015", "role": "location" } ], "origin": "manual", "updated": "2026-10-08" } },
    { "type": "Feature", "geometry": { "type": "Point", "coordinates": [44.884797, 41.694038] },
      "properties": { "id": "site-0323", "city": "tbilisi", "name": { "en": "Space Basketball" }, "address": { "en": "Plus Code MVVM+JW7, Tbilisi" },
        "precision": "exact", "access": "public", "visible_from_outside": true,
        "sources": [ { "id": "src-0013", "role": "identity" }, { "id": "src-0013", "role": "location" } ], "origin": "manual", "updated": "2026-10-08" } },
    { "type": "Feature", "geometry": { "type": "Point", "coordinates": [44.723047, 41.721713] },
      "properties": { "id": "site-0324", "city": "tbilisi", "name": { "en": "Khmaladze" }, "address": { "en": "Plus Code PPCF+M6M, Tbilisi" },
        "precision": "exact", "access": "public", "visible_from_outside": true,
        "sources": [ { "id": "src-0013", "role": "identity" }, { "id": "src-0013", "role": "location" } ], "origin": "manual", "updated": "2026-10-08" } },
    { "type": "Feature", "geometry": { "type": "Point", "coordinates": [44.761328, 41.707738] },
      "properties": { "id": "site-0325", "city": "tbilisi", "name": { "en": "Waterfall" }, "address": { "en": "Plus Code PQ56+3GW, Tbilisi" },
        "precision": "exact", "access": "public", "visible_from_outside": true,
        "sources": [ { "id": "src-0013", "role": "identity" }, { "id": "src-0013", "role": "location" } ], "origin": "manual", "updated": "2026-10-08" } },
    { "type": "Feature", "geometry": { "type": "Point", "coordinates": [44.749703, 41.709563] },
      "properties": { "id": "site-0326", "city": "tbilisi", "name": { "en": "Four Seasons of Tbilisi" }, "address": { "en": "Plus Code PP5X+RVG, Tbilisi" },
        "precision": "exact", "access": "public", "visible_from_outside": true,
        "sources": [ { "id": "src-0013", "role": "identity" }, { "id": "src-0013", "role": "location" } ], "origin": "manual", "updated": "2026-10-08" } },
    { "type": "Feature", "geometry": { "type": "Point", "coordinates": [44.759234, 41.729287] },
      "properties": { "id": "site-0327", "city": "tbilisi", "name": { "en": "Sheep and Shepherds" }, "address": { "en": "Plus Code PQH5+PM9, Tbilisi" },
        "precision": "exact", "access": "public", "visible_from_outside": true,
        "sources": [ { "id": "src-0013", "role": "identity" }, { "id": "src-0013", "role": "location" } ], "origin": "manual", "updated": "2026-10-08" } }
,
    { "type": "Feature", "geometry": { "type": "Point", "coordinates": [44.8821887, 41.7008115] },
      "properties": { "id": "site-0328", "city": "tbilisi", "name": { "en": "Loudspeaker" }, "address": { "en": "1a, Tbilisi (incomplete)" },
        "precision": "exact", "access": "public", "visible_from_outside": true,
        "sources": [ { "id": "src-0013", "role": "object_page", "url": "https://streetartcities.com/markers/5ac4c696-7772-4f6f-aa33-cd67ae6336e4" }, { "id": "src-0013", "role": "coordinates" } ], "origin": "manual", "updated": "2026-10-08" } },
    { "type": "Feature", "geometry": { "type": "Point", "coordinates": [44.8819472, 41.7043833] },
      "properties": { "id": "site-0329", "city": "tbilisi", "name": { "en": "Anne Frank, The Diary of a Young Girl" }, "address": { "en": "Varketili, building 319v, Tbilisi" },
        "precision": "exact", "access": "public", "visible_from_outside": true,
        "sources": [ { "id": "src-0013", "role": "object_page", "url": "https://streetartcities.com/cities/tbilisi/markers/ae1b21a8-8dbd-4ae2-b7c5-6b27c5e6599a" }, { "id": "src-0013", "role": "coordinates" } ], "origin": "manual", "updated": "2026-10-08" } },
    { "type": "Feature", "geometry": { "type": "Point", "coordinates": [44.8835333, 41.7064389] },
      "properties": { "id": "site-0330", "city": "tbilisi", "name": { "en": "Georgian National Football Team" }, "address": { "en": "38 Sesilia Takaishvili St, Tbilisi" },
        "precision": "street", "access": "public", "visible_from_outside": true,
        "sources": [ { "id": "src-0013", "role": "object_page", "url": "https://streetartcities.com/cities/tbilisi/markers/7e3a5e50-73f8-42b6-ba30-ed66063f3457" }, { "id": "src-0013", "role": "coordinates" } ], "origin": "manual", "updated": "2026-10-08" } },
    { "type": "Feature", "geometry": { "type": "Point", "coordinates": [44.7998306, 41.7106556] },
      "properties": { "id": "site-0331", "city": "tbilisi", "name": { "en": "Woman selling Lemons" }, "address": { "en": "35-37 Kote Marjanishvili St, Tbilisi" },
        "precision": "street", "access": "public", "visible_from_outside": true,
        "sources": [ { "id": "src-0013", "role": "object_page", "url": "https://streetartcities.com/cities/tbilisi/markers/c5c11836-6b40-4bdd-a579-bbfbc784b4de" }, { "id": "src-0013", "role": "coordinates" } ], "origin": "manual", "updated": "2026-10-08" } },
    { "type": "Feature", "geometry": { "type": "Point", "coordinates": [44.8032417, 41.7091778] },
      "properties": { "id": "site-0332", "city": "tbilisi", "name": { "en": "Cosmic Girl" }, "address": { "en": "36 Giorgi Mazniashvili St, Tbilisi" },
        "precision": "street", "access": "public", "visible_from_outside": true,
        "sources": [ { "id": "src-0013", "role": "object_page", "url": "https://streetartcities.com/cities/tbilisi/markers/83785557-415f-4bef-a5c5-3fb65e41f3be" }, { "id": "src-0013", "role": "coordinates" } ], "origin": "manual", "updated": "2026-10-08" } },
    { "type": "Feature", "geometry": { "type": "Point", "coordinates": [44.8037921, 41.6933992] },
      "properties": { "id": "site-0333", "city": "tbilisi", "name": { "en": "Mimino" }, "address": { "en": "4 Kalistrate Tsintsandze St, Tbilisi" },
        "precision": "street", "access": "public", "visible_from_outside": true,
        "sources": [ { "id": "src-0013", "role": "object_page", "url": "https://streetartcities.com/cities/tbilisi/markers/bd0b21e7-c0be-4bc1-88bf-f3c688ccaca0" }, { "id": "src-0013", "role": "coordinates" } ], "origin": "manual", "updated": "2026-10-08" } },
    { "type": "Feature", "geometry": { "type": "Point", "coordinates": [41.6325364, 41.6405932] },
      "properties": { "id": "site-0334", "city": "batumi", "name": { "en": "Appetaizer" }, "address": { "en": "57 H. Abashidze St, Batumi" },
        "precision": "street", "access": "public", "visible_from_outside": true,
        "sources": [ { "id": "src-0013", "role": "object_page", "url": "https://streetartcities.com/cities/batumi/markers/f4d38143-4803-46fc-a174-73ac93a965a5" }, { "id": "src-0013", "role": "coordinates" } ], "origin": "manual", "updated": "2026-10-08" } },
    { "type": "Feature", "geometry": { "type": "Point", "coordinates": [44.8029833, 41.7093278] },
      "properties": { "id": "site-0335", "city": "tbilisi", "name": { "en": "I hated everyone before it was Mainstream" }, "address": { "en": "8 Egnate Ninoshvili St, Tbilisi" },
        "precision": "street", "access": "public", "visible_from_outside": true,
        "sources": [ { "id": "src-0013", "role": "object_page", "url": "https://streetartcities.com/cities/tbilisi/markers/6a717255-c952-4912-bd98-5f2ccd4e77ee" }, { "id": "src-0013", "role": "coordinates" } ], "origin": "manual", "updated": "2026-10-08" } },
    { "type": "Feature", "geometry": { "type": "Point", "coordinates": [44.8027611, 41.7094611] },
      "properties": { "id": "site-0336", "city": "tbilisi", "name": { "en": "Ist man noch frei, wenn man nichts wagt?" }, "address": { "en": "Egnate Ninoshvili St (Plus Code PR53+Q4V), Tbilisi" },
        "precision": "exact", "access": "public", "visible_from_outside": true,
        "sources": [ { "id": "src-0013", "role": "object_page", "url": "https://streetartcities.com/cities/tbilisi/markers/ae3d841c-cf6c-4568-a350-f07159ee3d6f" }, { "id": "src-0013", "role": "coordinates" } ], "origin": "manual", "updated": "2026-10-08" } },
    { "type": "Feature", "geometry": { "type": "Point", "coordinates": [44.8027278, 41.7096944] },
      "properties": { "id": "site-0337", "city": "tbilisi", "name": { "en": "Jean-Michel Basquiat" }, "address": { "en": "8 Egnate Ninoshvili St, Tbilisi" },
        "precision": "street", "access": "public", "visible_from_outside": true,
        "sources": [ { "id": "src-0013", "role": "object_page", "url": "https://streetartcities.com/cities/tbilisi/markers/e7bdbc6a-a53d-4773-9e57-1cf20815de38" }, { "id": "src-0013", "role": "coordinates" } ], "origin": "manual", "updated": "2026-10-08" } },
    { "type": "Feature", "geometry": { "type": "Point", "coordinates": [44.7920722, 41.7024] },
      "properties": { "id": "site-0338", "city": "tbilisi", "name": { "en": "Haruki Murakami" }, "address": { "en": "46 Shota Rustaveli Ave, Tbilisi" },
        "precision": "street", "access": "public", "visible_from_outside": true,
        "sources": [ { "id": "src-0013", "role": "object_page", "url": "https://streetartcities.com/cities/tbilisi/markers/da3481e6-f99d-41a6-bc0b-5f890765bf9e" }, { "id": "src-0013", "role": "coordinates" } ], "origin": "manual", "updated": "2026-10-08" } },
    { "type": "Feature", "geometry": { "type": "Point", "coordinates": [44.8021694, 41.7099389] },
      "properties": { "id": "site-0339", "city": "tbilisi", "name": { "en": "Batumski" }, "address": { "en": "55 Ivane Javakhishvili St, Tbilisi" },
        "precision": "street", "access": "public", "visible_from_outside": true,
        "sources": [ { "id": "src-0013", "role": "object_page", "url": "https://streetartcities.com/cities/tbilisi/markers/d4953b6d-62b4-4362-b268-3550226fd69f" }, { "id": "src-0013", "role": "coordinates" } ], "origin": "manual", "updated": "2026-10-08" } },
    { "type": "Feature", "geometry": { "type": "Point", "coordinates": [44.7909, 41.7032778] },
      "properties": { "id": "site-0340", "city": "tbilisi", "name": { "en": "European on russian law" }, "address": { "en": "52 Shota Rustaveli Ave, Tbilisi" },
        "precision": "street", "access": "public", "visible_from_outside": true,
        "sources": [ { "id": "src-0013", "role": "object_page", "url": "https://streetartcities.com/cities/tbilisi/markers/5898d8cb-0147-4e50-a152-452f5ddac970" }, { "id": "src-0013", "role": "coordinates" } ], "origin": "manual", "updated": "2026-10-08" } },
    { "type": "Feature", "geometry": { "type": "Point", "coordinates": [44.8077861, 41.6904639] },
      "properties": { "id": "site-0341", "city": "tbilisi", "name": { "en": "Ernest Pignon Study" }, "address": { "en": "Sioni St (Plus Code MRR5+64G), Tbilisi" },
        "precision": "exact", "access": "public", "visible_from_outside": true,
        "sources": [ { "id": "src-0013", "role": "object_page", "url": "https://streetartcities.com/cities/tbilisi/markers/fd49ba19-5031-4c47-ba3b-29b54da5ce50" }, { "id": "src-0013", "role": "coordinates" } ], "origin": "manual", "updated": "2026-10-08" } },
    { "type": "Feature", "geometry": { "type": "Point", "coordinates": [44.8071639, 41.692925] },
      "properties": { "id": "site-0342", "city": "tbilisi", "name": { "en": "Dancing Jacksons" }, "address": { "en": "Erekle II St (Plus Code MRV4+5RP), Tbilisi" },
        "precision": "exact", "access": "public", "visible_from_outside": true,
        "sources": [ { "id": "src-0013", "role": "object_page", "url": "https://streetartcities.com/cities/tbilisi/markers/b53a7c3c-b58b-4eef-a39d-fd7f289e56f1" }, { "id": "src-0013", "role": "coordinates" } ], "origin": "manual", "updated": "2026-10-08" } },
    { "type": "Feature", "geometry": { "type": "Point", "coordinates": [44.8044326, 41.7012169] },
      "properties": { "id": "site-0343", "city": "tbilisi", "name": { "en": "Hot Dog" }, "address": { "en": "1 Rome St, Tbilisi" },
        "precision": "street", "access": "public", "visible_from_outside": true,
        "sources": [ { "id": "src-0013", "role": "object_page", "url": "https://streetartcities.com/cities/tbilisi/markers/c65ea006-cdf4-4c16-8024-05c19eaca9fa" }, { "id": "src-0013", "role": "coordinates" } ], "origin": "manual", "updated": "2026-10-08" } },
    { "type": "Feature", "geometry": { "type": "Point", "coordinates": [44.7927852, 41.7707379] },
      "properties": { "id": "site-0344", "city": "tbilisi", "name": { "en": "Landmarks of Tbilisi" }, "address": { "en": "70/1 David Guramishvili Ave, Tbilisi" },
        "precision": "street", "access": "public", "visible_from_outside": true,
        "sources": [ { "id": "src-0013", "role": "object_page", "url": "https://streetartcities.com/cities/tbilisi/markers/7886204e-d638-436b-b96b-37bec15b5606" }, { "id": "src-0013", "role": "coordinates" } ], "origin": "manual", "updated": "2026-10-08" } },
    { "type": "Feature", "geometry": { "type": "Point", "coordinates": [44.7586066, 41.7300959] },
      "properties": { "id": "site-0345", "city": "tbilisi", "name": { "en": "Georgian Artists - Street Art Sakartvelo Festival" }, "address": { "en": "Budapest Street, Shalva Nutsubidze St, Tbilisi" },
        "precision": "street", "access": "public", "visible_from_outside": true,
        "sources": [ { "id": "src-0013", "role": "object_page", "url": "https://streetartcities.com/cities/tbilisi/markers/68bf93c9-653b-498b-a3ce-ca12e0ae82a0" }, { "id": "src-0013", "role": "coordinates" } ], "origin": "manual", "updated": "2026-10-08" } },
    { "type": "Feature", "geometry": { "type": "Point", "coordinates": [44.8028859, 41.7094157] },
      "properties": { "id": "site-0346", "city": "tbilisi", "name": { "en": "Dragon Fruit's Children - Fabrikaffitti 2017" }, "address": { "en": "JSC NINO, 8 Egnate Ninoshvili St, Tbilisi" },
        "precision": "building", "access": "public", "visible_from_outside": true,
        "sources": [ { "id": "src-0013", "role": "object_page", "url": "https://streetartcities.com/cities/tbilisi/markers/d904a39e-ff5d-46ca-a4c1-b989906bbb05" }, { "id": "src-0013", "role": "coordinates" } ], "origin": "manual", "updated": "2026-10-08" } },
    { "type": "Feature", "geometry": { "type": "Point", "coordinates": [44.8028859, 41.7094157] },
      "properties": { "id": "site-0347", "city": "tbilisi", "name": { "en": "Masholand's First Street Art - Fabrikaffitti 2016" }, "address": { "en": "JSC NINO, 8 Egnate Ninoshvili St, Tbilisi" },
        "precision": "building", "access": "public", "visible_from_outside": true,
        "sources": [ { "id": "src-0013", "role": "object_page", "url": "https://streetartcities.com/cities/tbilisi/markers/1c6768a2-9fca-4593-a674-ead9e02fa61f" }, { "id": "src-0013", "role": "coordinates" } ], "origin": "manual", "updated": "2026-10-08" } },
    { "type": "Feature", "geometry": { "type": "Point", "coordinates": [44.7796904, 41.7060407] },
      "properties": { "id": "site-0348", "city": "tbilisi", "name": { "en": "From Masholand to Human Land" }, "address": { "en": "Vasil Petriashvili Street, Tbilisi" },
        "precision": "street", "access": "public", "visible_from_outside": true,
        "sources": [ { "id": "src-0013", "role": "object_page", "url": "https://streetartcities.com/cities/tbilisi/markers/09b4ae9b-1d55-44ec-b8d0-1d2774e328fb" }, { "id": "src-0013", "role": "coordinates" } ], "origin": "manual", "updated": "2026-10-08" } },
    { "type": "Feature", "geometry": { "type": "Point", "coordinates": [44.7541041, 41.7248812] },
      "properties": { "id": "site-0349", "city": "tbilisi", "name": { "en": "Who Is The Most Inspiring Woman For You?" }, "address": { "en": "Vaso Godziashvili's Park, 67 Sairme St, Tbilisi" },
        "precision": "street", "access": "public", "visible_from_outside": true,
        "sources": [ { "id": "src-0013", "role": "object_page", "url": "https://streetartcities.com/cities/tbilisi/markers/131a0698-67dd-4d28-9b90-bd0338478cb3" }, { "id": "src-0013", "role": "coordinates" } ], "origin": "manual", "updated": "2026-10-08" } },
    { "type": "Feature", "geometry": { "type": "Point", "coordinates": [44.7689639, 41.7565694] },
      "properties": { "id": "site-0350", "city": "tbilisi", "name": { "en": "Life's Good" }, "address": { "en": "48 Marshal Archil Gelovani Ave, Tbilisi" },
        "precision": "building", "access": "public", "visible_from_outside": true,
        "sources": [ { "id": "src-0013", "role": "object_page", "url": "https://streetartcities.com/cities/tbilisi/markers/fe0cbeec-86e9-49b1-aebd-0985c4808cc6" }, { "id": "src-0013", "role": "coordinates" } ], "origin": "manual", "updated": "2026-10-08" } },
    { "type": "Feature", "geometry": { "type": "Point", "coordinates": [44.7847278, 41.7263556] },
      "properties": { "id": "site-0351", "city": "tbilisi", "name": { "en": "The Autumn Leaves" }, "address": { "en": "16 Vakhushti Bagrationi St, Tbilisi" },
        "precision": "building", "access": "public", "visible_from_outside": true,
        "sources": [ { "id": "src-0013", "role": "object_page", "url": "https://streetartcities.com/cities/tbilisi/markers/27042ed5-f145-42bb-87f8-6d6534312100" }, { "id": "src-0013", "role": "coordinates" } ], "origin": "manual", "updated": "2026-10-08" } },
    { "type": "Feature", "geometry": { "type": "Point", "coordinates": [44.7982722, 41.7180556] },
      "properties": { "id": "site-0352", "city": "tbilisi", "name": { "en": "A Small Wall for the Fleabag61" }, "address": { "en": "61 Giorgi Chubinashvili St, Tbilisi" },
        "precision": "building", "access": "public", "visible_from_outside": true,
        "sources": [ { "id": "src-0013", "role": "object_page", "url": "https://streetartcities.com/cities/tbilisi/markers/bdf8d42f-8880-437a-96d6-cc4d4d16a6df" }, { "id": "src-0013", "role": "coordinates" } ], "origin": "manual", "updated": "2026-10-08" } },
    { "type": "Feature", "geometry": { "type": "Point", "coordinates": [44.1094852, 41.9767236] },
      "properties": { "id": "site-0353", "city": "gori", "name": { "en": "*Blue Tabla* Tbilisi Mural Fest 2023 (Gori)" }, "address": { "en": "2a Stalin Ave, Gori" },
        "precision": "street", "access": "public", "visible_from_outside": true,
        "sources": [ { "id": "src-0013", "role": "object_page", "url": "https://streetartcities.com/cities/gori/markers/e8252263-a7de-4cc7-ab77-80e050e3ec4c" }, { "id": "src-0013", "role": "coordinates" } ], "origin": "manual", "updated": "2026-10-08" } },
    { "type": "Feature", "geometry": { "type": "Point", "coordinates": [44.7714389, 41.7209694] },
      "properties": { "id": "site-0354", "city": "tbilisi", "name": { "en": "Georgian Ornaments" }, "address": { "en": "12 Bakhtrioni St, Tbilisi" },
        "precision": "building", "access": "public", "visible_from_outside": true,
        "sources": [ { "id": "src-0013", "role": "object_page", "url": "https://streetartcities.com/cities/tbilisi/markers/78e0ed45-c0cc-4ea6-8161-66f3692d0826" }, { "id": "src-0013", "role": "coordinates" } ], "origin": "manual", "updated": "2026-10-08" } },
    { "type": "Feature", "geometry": { "type": "Point", "coordinates": [44.8005173, 41.6895483] },
      "properties": { "id": "site-0355", "city": "tbilisi", "name": { "en": "*Last bell* Tbilisi Mural Fest 2023" }, "address": { "en": "36 Lado Asatiani St, Tbilisi" },
        "precision": "building", "access": "public", "visible_from_outside": true,
        "sources": [ { "id": "src-0013", "role": "object_page", "url": "https://streetartcities.com/cities/tbilisi/markers/9d598879-d78a-42c3-a9aa-4b19e9991453" }, { "id": "src-0013", "role": "coordinates" } ], "origin": "manual", "updated": "2026-10-08" } },
    { "type": "Feature", "geometry": { "type": "Point", "coordinates": [44.7676972, 41.7101889] },
      "properties": { "id": "site-0356", "city": "tbilisi", "name": { "en": "*Mariam* Tbilisi Mural Fest 2024" }, "address": { "en": "23 Ilia Chavchavadze Avenue, Tbilisi" },
        "precision": "building", "access": "public", "visible_from_outside": true,
        "sources": [ { "id": "src-0013", "role": "object_page", "url": "https://streetartcities.com/cities/tbilisi/markers/4f4e41f4-3e54-4375-aced-51af475b82e2" }, { "id": "src-0013", "role": "coordinates" } ], "origin": "manual", "updated": "2026-10-08" } },
    { "type": "Feature", "geometry": { "type": "Point", "coordinates": [44.8148754, 41.6929115] },
      "properties": { "id": "site-0357", "city": "tbilisi", "name": { "en": "Mother and child (most sacred connection)" }, "address": { "en": "Avlabari metro (5), Tbilisi" },
        "precision": "street", "access": "public", "visible_from_outside": true,
        "sources": [ { "id": "src-0013", "role": "object_page", "url": "https://streetartcities.com/cities/tbilisi/markers/3eacdee2-41cd-4c60-b49d-b35338f6e9f8" }, { "id": "src-0013", "role": "coordinates" } ], "origin": "manual", "updated": "2026-10-08" } },
    { "type": "Feature", "geometry": { "type": "Point", "coordinates": [44.8464242, 41.7036352] },
      "properties": { "id": "site-0358", "city": "tbilisi", "name": { "en": "Orizzonti di cemento #2" }, "address": { "en": "11, Tbilisi (incomplete)" },
        "precision": "street", "access": "public", "visible_from_outside": true,
        "sources": [ { "id": "src-0013", "role": "object_page", "url": "https://streetartcities.com/cities/tbilisi/markers/d1f49f1e-d72a-49a0-87c5-6ae7bee91f99" }, { "id": "src-0013", "role": "coordinates" } ], "origin": "manual", "updated": "2026-10-08" } },
    { "type": "Feature", "geometry": { "type": "Point", "coordinates": [44.7952584, 41.714616] },
      "properties": { "id": "site-0359", "city": "tbilisi", "name": { "en": "Tsdo" }, "address": { "en": "125a Davit Aghmashenebeli Ave, Tbilisi" },
        "precision": "building", "access": "public", "visible_from_outside": true,
        "sources": [ { "id": "src-0013", "role": "object_page", "url": "https://streetartcities.com/cities/tbilisi/markers/c5f8c059-290b-49e2-86da-00d03742a9ad" }, { "id": "src-0013", "role": "coordinates" } ], "origin": "manual", "updated": "2026-10-08" } },
    { "type": "Feature", "geometry": { "type": "Point", "coordinates": [41.6276458, 41.6397036] },
      "properties": { "id": "site-0360", "city": "batumi", "name": { "en": "*Rebirth* Tbilisi Mural Fest 2024 (Batumi)" }, "address": { "en": "125 Pushkin St, Batumi" },
        "precision": "building", "access": "public", "visible_from_outside": true,
        "sources": [ { "id": "src-0013", "role": "object_page", "url": "https://streetartcities.com/cities/batumi/markers/f720d3e9-d53a-427e-987b-458e5166f887" }, { "id": "src-0013", "role": "coordinates" } ], "origin": "manual", "updated": "2026-10-08" } },
    { "type": "Feature", "geometry": { "type": "Point", "coordinates": [41.6796747, 41.6608598] },
      "properties": { "id": "site-0361", "city": "batumi", "name": { "en": "Freedom for Women" }, "address": { "en": "5 E70, Batumi" },
        "precision": "building", "access": "public", "visible_from_outside": true,
        "sources": [ { "id": "src-0013", "role": "object_page", "url": "https://streetartcities.com/cities/batumi/markers/39822" }, { "id": "src-0013", "role": "coordinates" } ], "origin": "manual", "updated": "2026-10-08" } },
    { "type": "Feature", "geometry": { "type": "Point", "coordinates": [41.6308987, 41.6483604] },
      "properties": { "id": "site-0362", "city": "batumi", "name": { "en": "Kupata the friendly dog" }, "address": { "en": "60 Memed Abashidze Ave, Batumi" },
        "precision": "building", "access": "public", "visible_from_outside": true,
        "sources": [ { "id": "src-0013", "role": "object_page", "url": "https://streetartcities.com/cities/batumi/markers/32698" }, { "id": "src-0013", "role": "coordinates" } ], "origin": "manual", "updated": "2026-10-08" } },
    { "type": "Feature", "geometry": { "type": "Point", "coordinates": [41.6751036, 42.1494627] },
      "properties": { "id": "site-0363", "city": "poti", "name": { "en": "Elephant in the air" }, "address": { "en": "Poti Bus Station, Poti" },
        "precision": "street", "access": "public", "visible_from_outside": true,
        "sources": [ { "id": "src-0013", "role": "object_page", "url": "https://streetartcities.com/cities/poti/markers/32713" }, { "id": "src-0013", "role": "coordinates" } ], "origin": "manual", "updated": "2026-10-08" } },
    { "type": "Feature", "geometry": { "type": "Point", "coordinates": [44.1107806, 41.9814505] },
      "properties": { "id": "site-0364", "city": "gori", "name": { "en": "Georgian Dance series (Tbilisi Mural Fest 2025)" }, "address": { "en": "23 Dimitri Amilakhvari St, Gori" },
        "precision": "building", "access": "public", "visible_from_outside": true,
        "sources": [ { "id": "src-0013", "role": "object_page", "url": "https://streetartcities.com/cities/gori/markers/7c0b5aec-4298-40de-8a67-6c0bc04ac79c" }, { "id": "src-0013", "role": "coordinates" } ], "origin": "manual", "updated": "2026-10-08" } },
    { "type": "Feature", "geometry": { "type": "Point", "coordinates": [42.6882699, 42.2306173] },
      "properties": { "id": "site-0365", "city": "kutaisi", "name": { "en": "Am1ran1" }, "address": { "en": "Plus Code 6MJQ+753, Kutaisi" },
        "precision": "exact", "access": "public", "visible_from_outside": true,
        "sources": [ { "id": "src-0013", "role": "object_page", "url": "https://streetartcities.com/cities/kutaisi/markers/548fcd4a-8eae-4c9f-968f-c72b48e21af1" }, { "id": "src-0013", "role": "coordinates" } ], "origin": "manual", "updated": "2026-10-08" } },
    { "type": "Feature", "geometry": { "type": "Point", "coordinates": [42.6982608, 42.2595096] },
      "properties": { "id": "site-0366", "city": "kutaisi", "name": { "en": "Crane and Pomegranate" }, "address": { "en": "33 Lado Asatiani Street, Kutaisi" },
        "precision": "building", "access": "public", "visible_from_outside": true,
        "sources": [ { "id": "src-0013", "role": "object_page", "url": "https://streetartcities.com/cities/kutaisi/markers/782c3e2a-868d-494b-a52d-c02a8e54afc9" }, { "id": "src-0013", "role": "coordinates" } ], "origin": "manual", "updated": "2026-10-08" } },
    { "type": "Feature", "geometry": { "type": "Point", "coordinates": [44.7809385, 41.7487832] },
      "properties": { "id": "site-0367", "city": "tbilisi", "name": { "en": "*Hold me tight* Tbilisi Mural Fest 2021" }, "address": { "en": "12 Tornike Eristavi St, Tbilisi" },
        "precision": "building", "access": "public", "visible_from_outside": true,
        "sources": [ { "id": "src-0013", "role": "object_page", "url": "https://streetartcities.com/cities/tbilisi/markers/6ca5aeee-a9e1-4fa9-b2bb-06dfb2770884" }, { "id": "src-0013", "role": "coordinates" } ], "origin": "manual", "updated": "2026-10-08" } },
    { "type": "Feature", "geometry": { "type": "Point", "coordinates": [44.8802622, 41.7020612] },
      "properties": { "id": "site-0368", "city": "tbilisi", "name": { "en": "*Ilias's room* Tbilisi Mural Fest 2022" }, "address": { "en": "32, Tbilisi (incomplete)" },
        "precision": "street", "access": "public", "visible_from_outside": true,
        "sources": [ { "id": "src-0013", "role": "object_page", "url": "https://streetartcities.com/cities/tbilisi/markers/d7cdf0fa-0047-4c60-b885-369f36e03f7b" }, { "id": "src-0013", "role": "coordinates" } ], "origin": "manual", "updated": "2026-10-08" } },
    { "type": "Feature", "geometry": { "type": "Point", "coordinates": [44.8807415, 41.7045467] },
      "properties": { "id": "site-0369", "city": "tbilisi", "name": { "en": "*Close to me* Tbilisi Mural Fest 2024" }, "address": { "en": "319, Tbilisi (incomplete)" },
        "precision": "street", "access": "public", "visible_from_outside": true,
        "sources": [ { "id": "src-0013", "role": "object_page", "url": "https://streetartcities.com/cities/tbilisi/markers/a513ca0c-fba1-4257-917f-7979aafe756e" }, { "id": "src-0013", "role": "coordinates" } ], "origin": "manual", "updated": "2026-10-08" } },
    { "type": "Feature", "geometry": { "type": "Point", "coordinates": [44.7428487, 41.711819] },
      "properties": { "id": "site-0370", "city": "tbilisi", "name": { "en": "Ukrainian Girl" }, "address": { "en": "75 Ilia Chavchavadze Avenue, Tbilisi" },
        "precision": "building", "access": "public", "visible_from_outside": true,
        "sources": [ { "id": "src-0013", "role": "object_page", "url": "https://streetartcities.com/cities/tbilisi/markers/00d44812-dfaf-42c2-8121-52b8470a1a84" }, { "id": "src-0013", "role": "coordinates" } ], "origin": "manual", "updated": "2026-10-08" } },
    { "type": "Feature", "geometry": { "type": "Point", "coordinates": [44.7815136, 41.7347075] },
      "properties": { "id": "site-0371", "city": "tbilisi", "name": { "en": "but in the end, there will just be silence again" }, "address": { "en": "110 Akaki Tsereteli Ave, Tbilisi" },
        "precision": "building", "access": "public", "visible_from_outside": true,
        "sources": [ { "id": "src-0013", "role": "object_page", "url": "https://streetartcities.com/cities/tbilisi/markers/30dac9d1-f283-4d92-87d6-c32b002bc9fa" }, { "id": "src-0013", "role": "coordinates" } ], "origin": "manual", "updated": "2026-10-08" } },
    { "type": "Feature", "geometry": { "type": "Point", "coordinates": [44.7794609, 41.7600533] },
      "properties": { "id": "site-0372", "city": "tbilisi", "name": { "en": "Phiso" }, "address": { "en": "Plus Code QQ6H+2QW, Tbilisi" },
        "precision": "exact", "access": "public", "visible_from_outside": true,
        "sources": [ { "id": "src-0013", "role": "object_page", "url": "https://streetartcities.com/cities/tbilisi/markers/2d3ab470-cb23-4f3c-8541-17efa1a1f4cb" }, { "id": "src-0013", "role": "coordinates" } ], "origin": "manual", "updated": "2026-10-08" } },
    { "type": "Feature", "geometry": { "type": "Point", "coordinates": [41.6136141, 41.6367558] },
      "properties": { "id": "site-0373", "city": "batumi", "name": { "en": "The Wave" }, "address": { "en": "18 Pirosmani St, Batumi" },
        "precision": "building", "access": "public", "visible_from_outside": true,
        "sources": [ { "id": "src-0013", "role": "object_page", "url": "https://streetartcities.com/cities/batumi/markers/fda68c8b-41bc-4d5e-bec3-7d03146d0e64" }, { "id": "src-0013", "role": "coordinates" } ], "origin": "manual", "updated": "2026-10-08" } },
    { "type": "Feature", "geometry": { "type": "Point", "coordinates": [41.6251157, 41.6449095] },
      "properties": { "id": "site-0374", "city": "batumi", "name": { "en": "Vaccinated" }, "address": { "en": "54/62 Zurab Gorgiladze St, Batumi" },
        "precision": "street", "access": "public", "visible_from_outside": true,
        "sources": [ { "id": "src-0013", "role": "object_page", "url": "https://streetartcities.com/cities/batumi/markers/39821" }, { "id": "src-0013", "role": "coordinates" } ], "origin": "manual", "updated": "2026-10-08" } },
    { "type": "Feature", "geometry": { "type": "Point", "coordinates": [41.668956, 42.1516501] },
      "properties": { "id": "site-0376", "city": "poti", "name": { "en": "Medea" }, "address": { "en": "Vakhtang Gorgasali Street, Poti" },
        "precision": "street", "access": "public", "visible_from_outside": true,
        "sources": [ { "id": "src-0013", "role": "object_page", "url": "https://streetartcities.com/cities/poti/markers/32712" }, { "id": "src-0013", "role": "coordinates" } ], "origin": "manual", "updated": "2026-10-08" } },
    { "type": "Feature", "geometry": { "type": "Point", "coordinates": [42.673469, 42.2639364] },
      "properties": { "id": "site-0377", "city": "kutaisi", "name": { "en": "Gviriloba" }, "address": { "en": "Plus Code 7M7F+M7F, Kutaisi" },
        "precision": "exact", "access": "public", "visible_from_outside": true,
        "sources": [ { "id": "src-0013", "role": "object_page", "url": "https://streetartcities.com/cities/kutaisi/markers/873f4892-923d-4f14-88d8-bf11d3c71175" }, { "id": "src-0013", "role": "coordinates" } ], "origin": "manual", "updated": "2026-10-08" } },
    { "type": "Feature", "geometry": { "type": "Point", "coordinates": [42.6754219, 42.2623388] },
      "properties": { "id": "site-0378", "city": "kutaisi", "name": { "en": "Georgian ornament" }, "address": { "en": "144 David Agmashenebeli Ave, Kutaisi" },
        "precision": "building", "access": "public", "visible_from_outside": true,
        "sources": [ { "id": "src-0013", "role": "object_page", "url": "https://streetartcities.com/cities/kutaisi/markers/3687fbab-f680-4bc2-84f0-902cd6d1b3c9" }, { "id": "src-0013", "role": "coordinates" } ], "origin": "manual", "updated": "2026-10-08" } },
    { "type": "Feature", "geometry": { "type": "Point", "coordinates": [44.8837773, 41.6988797] },
      "properties": { "id": "site-0379", "city": "tbilisi", "name": { "en": "*Mokhevian* Tbilisi Mural Fest 2023" }, "address": { "en": "2b, Tbilisi (incomplete)" },
        "precision": "street", "access": "public", "visible_from_outside": true,
        "sources": [ { "id": "src-0013", "role": "object_page", "url": "https://streetartcities.com/cities/tbilisi/markers/65851cdf-aa20-4879-99ae-46fd016c8fe5" }, { "id": "src-0013", "role": "coordinates" } ], "origin": "manual", "updated": "2026-10-08" } },
    { "type": "Feature", "geometry": { "type": "Point", "coordinates": [44.7713195, 41.7144945] },
      "properties": { "id": "site-0380", "city": "tbilisi", "name": { "en": "*Medea*" }, "address": { "en": "24 Simon Chikovani St, Tbilisi" },
        "precision": "building", "access": "public", "visible_from_outside": true,
        "sources": [ { "id": "src-0013", "role": "object_page", "url": "https://streetartcities.com/cities/tbilisi/markers/3f7cdcf8-ee6f-4237-bc1c-026275775c15" }, { "id": "src-0013", "role": "coordinates" } ], "origin": "manual", "updated": "2026-10-08" } },
    { "type": "Feature", "geometry": { "type": "Point", "coordinates": [44.8812599, 41.7040523] },
      "properties": { "id": "site-0381", "city": "tbilisi", "name": { "en": "*Maro Makashvili* Tbilisi Mural Fest 2023" }, "address": { "en": "319b, Tbilisi (incomplete)" },
        "precision": "street", "access": "public", "visible_from_outside": true,
        "sources": [ { "id": "src-0013", "role": "object_page", "url": "https://streetartcities.com/cities/tbilisi/markers/a19a987c-5e10-45db-adc2-60929e0d72ef" }, { "id": "src-0013", "role": "coordinates" } ], "origin": "manual", "updated": "2026-10-08" } },
    { "type": "Feature", "geometry": { "type": "Point", "coordinates": [44.7840754, 41.7285991] },
      "properties": { "id": "site-0384", "city": "tbilisi", "name": { "en": "Please Come Down!" }, "address": { "en": "39a Rafael Agladze St, Tbilisi" },
        "precision": "building", "access": "public", "visible_from_outside": true,
        "sources": [ { "id": "src-0013", "role": "object_page", "url": "https://streetartcities.com/cities/tbilisi/markers/abcbf864-ba22-48cb-950e-672e1033fe48" }, { "id": "src-0013", "role": "coordinates" } ], "origin": "manual", "updated": "2026-10-08" } },
    { "type": "Feature", "geometry": { "type": "Point", "coordinates": [41.6835983, 41.6588107] },
      "properties": { "id": "site-0385", "city": "batumi", "name": { "en": "Portrait" }, "address": { "en": "Plus Code MM5M+JFM, I. Grishashvili St, Batumi" },
        "precision": "exact", "access": "public", "visible_from_outside": true,
        "sources": [ { "id": "src-0013", "role": "object_page", "url": "https://streetartcities.com/cities/batumi/markers/b03f9c35-9fe9-4de4-afd9-63b5a0e85974" }, { "id": "src-0013", "role": "coordinates" } ], "origin": "manual", "updated": "2026-10-08" } },
    { "type": "Feature", "geometry": { "type": "Point", "coordinates": [41.6281195, 41.6500169] },
      "properties": { "id": "site-0386", "city": "batumi", "name": { "en": "Center" }, "address": { "en": "Shota Rustaveli State University, Rustaveli Ave, Batumi" },
        "precision": "street", "access": "public", "visible_from_outside": true,
        "sources": [ { "id": "src-0013", "role": "object_page", "url": "https://streetartcities.com/cities/batumi/markers/39808" }, { "id": "src-0013", "role": "coordinates" } ], "origin": "manual", "updated": "2026-10-08" } },
    { "type": "Feature", "geometry": { "type": "Point", "coordinates": [41.628104, 41.645667] },
      "properties": { "id": "site-0387", "city": "batumi", "name": { "en": "Calm Flamingo" }, "address": { "en": "53 Zurab Gorgiladze Street, Batumi" },
        "precision": "building", "access": "public", "visible_from_outside": true,
        "sources": [ { "id": "src-0013", "role": "object_page", "url": "https://streetartcities.com/cities/batumi/markers/32677" }, { "id": "src-0013", "role": "coordinates" } ], "origin": "manual", "updated": "2026-10-08" } },
    { "type": "Feature", "geometry": { "type": "Point", "coordinates": [41.66872, 42.1517854] },
      "properties": { "id": "site-0388", "city": "poti", "name": { "en": "Cow-mosquito" }, "address": { "en": "Gegidze St, Poti" },
        "precision": "street", "access": "public", "visible_from_outside": true,
        "sources": [ { "id": "src-0013", "role": "object_page", "url": "https://streetartcities.com/cities/poti/markers/32682" }, { "id": "src-0013", "role": "coordinates" } ], "origin": "manual", "updated": "2026-10-08" } },
    { "type": "Feature", "geometry": { "type": "Point", "coordinates": [42.693844, 42.2485591] },
      "properties": { "id": "site-0389", "city": "kutaisi", "name": { "en": "Bleeding Heart" }, "address": { "en": "2 Nikea St, Kutaisi" },
        "precision": "building", "access": "public", "visible_from_outside": true,
        "sources": [ { "id": "src-0013", "role": "object_page", "url": "https://streetartcities.com/cities/kutaisi/markers/5b96b01b-d1ec-4020-a927-40fa45d9e650" }, { "id": "src-0013", "role": "coordinates" } ], "origin": "manual", "updated": "2026-10-08" } },
    { "type": "Feature", "geometry": { "type": "Point", "coordinates": [42.7040561, 42.2733959] },
      "properties": { "id": "site-0390", "city": "kutaisi", "name": { "en": "Old woman" }, "address": { "en": "1 Varlamishvili Street, Kutaisi" },
        "precision": "building", "access": "public", "visible_from_outside": true,
        "sources": [ { "id": "src-0013", "role": "object_page", "url": "https://streetartcities.com/cities/kutaisi/markers/6a93ffc5-bdfe-4a31-b53a-111cfb3aae21" }, { "id": "src-0013", "role": "coordinates" } ], "origin": "manual", "updated": "2026-10-08" } },
    { "type": "Feature", "geometry": { "type": "Point", "coordinates": [44.8399716, 41.7081998] },
      "properties": { "id": "site-0391", "city": "tbilisi", "name": { "en": "*Tita* Tbilisi Mural Fest 2023" }, "address": { "en": "23, Tbilisi (incomplete)" },
        "precision": "street", "access": "public", "visible_from_outside": true,
        "sources": [ { "id": "src-0013", "role": "object_page", "url": "https://streetartcities.com/cities/tbilisi/markers/fb7ab21c-2c9e-4799-9669-d3eaa150c572" }, { "id": "src-0013", "role": "coordinates" } ], "origin": "manual", "updated": "2026-10-08" } },
    { "type": "Feature", "geometry": { "type": "Point", "coordinates": [44.716523, 41.7136436] },
      "properties": { "id": "site-0392", "city": "tbilisi", "name": { "en": "*Abkhazia is Georgia* Tbilisi Mural Fest 2025" }, "address": { "en": "75 Tskneti Hwy, Tbilisi" },
        "precision": "building", "access": "public", "visible_from_outside": true,
        "sources": [ { "id": "src-0013", "role": "object_page", "url": "https://streetartcities.com/cities/tbilisi/markers/8f3a9688-90e7-4087-9cb6-003ebe093a68" }, { "id": "src-0013", "role": "coordinates" } ], "origin": "manual", "updated": "2026-10-08" } },
    { "type": "Feature", "geometry": { "type": "Point", "coordinates": [44.7699045, 41.7284518] },
      "properties": { "id": "site-0393", "city": "tbilisi", "name": { "en": "Simple wishes (Tbilisi Mural Fest 2025)" }, "address": { "en": "65 Tina Iosebidze St, Tbilisi" },
        "precision": "building", "access": "public", "visible_from_outside": true,
        "sources": [ { "id": "src-0013", "role": "object_page", "url": "https://streetartcities.com/cities/tbilisi/markers/ad62ed66-f654-4939-b1c6-fab3c8e1a351" }, { "id": "src-0013", "role": "coordinates" } ], "origin": "manual", "updated": "2026-10-08" } },
    { "type": "Feature", "geometry": { "type": "Point", "coordinates": [44.7666587, 41.727795] },
      "properties": { "id": "site-0395", "city": "tbilisi", "name": { "en": "Vazha-Pshavela" }, "address": { "en": "3 Vazha-Pshavela Ave, Tbilisi" },
        "precision": "building", "access": "public", "visible_from_outside": true,
        "sources": [ { "id": "src-0013", "role": "object_page", "url": "https://streetartcities.com/cities/tbilisi/markers/af899021-045a-4124-84af-e15098d34fef" }, { "id": "src-0013", "role": "coordinates" } ], "origin": "manual", "updated": "2026-10-08" } },
    { "type": "Feature", "geometry": { "type": "Point", "coordinates": [44.7485352, 41.7255118] },
      "properties": { "id": "site-0396", "city": "tbilisi", "name": { "en": "Phoenix Carpet" }, "address": { "en": "38 Vazha Pshavela Ave, Tbilisi" },
        "precision": "building", "access": "public", "visible_from_outside": true,
        "sources": [ { "id": "src-0013", "role": "object_page", "url": "https://streetartcities.com/cities/tbilisi/markers/9b2b2032-2226-4411-8434-aaad798721eb" }, { "id": "src-0013", "role": "coordinates" } ], "origin": "manual", "updated": "2026-10-08" } },
    { "type": "Feature", "geometry": { "type": "Point", "coordinates": [41.6141935, 41.6370104] },
      "properties": { "id": "site-0397", "city": "batumi", "name": { "en": "Art School Mural" }, "address": { "en": "18 Pirosmani St, Batumi" },
        "precision": "building", "access": "public", "visible_from_outside": true,
        "sources": [ { "id": "src-0013", "role": "object_page", "url": "https://streetartcities.com/cities/batumi/markers/39e6f9d7-3ae4-48aa-a5a6-1b0737502189" }, { "id": "src-0013", "role": "coordinates" } ], "origin": "manual", "updated": "2026-10-08" } },
    { "type": "Feature", "geometry": { "type": "Point", "coordinates": [41.6783861, 42.1501] },
      "properties": { "id": "site-0399", "city": "poti", "name": { "en": "Medea's Heritage" }, "address": { "en": "Konstantine Rekvava St, Poti" },
        "precision": "street", "access": "public", "visible_from_outside": true,
        "sources": [ { "id": "src-0013", "role": "object_page", "url": "https://streetartcities.com/cities/poti/markers/1d7b1457-048a-4a18-90fe-6ead69659379" }, { "id": "src-0013", "role": "coordinates" } ], "origin": "manual", "updated": "2026-10-08" } },
    { "type": "Feature", "geometry": { "type": "Point", "coordinates": [41.6677544, 42.167588] },
      "properties": { "id": "site-0400", "city": "poti", "name": { "en": "Beauty drowning in Swamp" }, "address": { "en": "7 Khobi Street, Poti" },
        "precision": "building", "access": "public", "visible_from_outside": true,
        "sources": [ { "id": "src-0013", "role": "object_page", "url": "https://streetartcities.com/cities/poti/markers/32681" }, { "id": "src-0013", "role": "coordinates" } ], "origin": "manual", "updated": "2026-10-08" } },
    { "type": "Feature", "geometry": { "type": "Point", "coordinates": [42.6830734, 42.2666634] },
      "properties": { "id": "site-0401", "city": "kutaisi", "name": { "en": "Flowers" }, "address": { "en": "Plus Code 7M8M+P64, Kutaisi" },
        "precision": "exact", "access": "public", "visible_from_outside": true,
        "sources": [ { "id": "src-0013", "role": "object_page", "url": "https://streetartcities.com/cities/kutaisi/markers/43a64503-3454-44e4-967e-82937f0c4d13" }, { "id": "src-0013", "role": "coordinates" } ], "origin": "manual", "updated": "2026-10-08" } },
    { "type": "Feature", "geometry": { "type": "Point", "coordinates": [42.6955786, 42.2491941] },
      "properties": { "id": "site-0402", "city": "kutaisi", "name": { "en": "Zurab Sakandelidze" }, "address": { "en": "Plus Code 6MXW+G6C, Tbilisi-Senaki-Leselidze Hwy, Kutaisi" },
        "precision": "exact", "access": "public", "visible_from_outside": true,
        "sources": [ { "id": "src-0013", "role": "object_page", "url": "https://streetartcities.com/cities/kutaisi/markers/bac7b864-f61c-4c3a-9d18-13b4454f9fa9" }, { "id": "src-0013", "role": "coordinates" } ], "origin": "manual", "updated": "2026-10-08" } },
    { "type": "Feature", "geometry": { "type": "Point", "coordinates": [44.7965361, 41.7067389] },
      "properties": { "id": "site-0403", "city": "tbilisi", "name": { "en": "Be Chill" }, "address": { "en": "56 Dimitri Uznadze St, Tbilisi" },
        "precision": "street", "access": "public", "visible_from_outside": true,
        "sources": [ { "id": "src-0013", "role": "object_page", "url": "https://streetartcities.com/cities/tbilisi/markers/e83525db-7ee4-4d7b-b58d-ceffc917717c" }, { "id": "src-0013", "role": "coordinates" } ], "origin": "manual", "updated": "2026-10-08" } },
    { "type": "Feature", "geometry": { "type": "Point", "coordinates": [44.8805783, 41.6987699] },
      "properties": { "id": "site-0404", "city": "tbilisi", "name": { "en": "Georgian Graffiti Alphabet" }, "address": { "en": "35, Tbilisi" },
        "precision": "street", "access": "public", "visible_from_outside": true,
        "sources": [ { "id": "src-0013", "role": "object_page", "url": "https://streetartcities.com/cities/tbilisi/markers/fb9a8b64-6176-4b34-81cc-39bec5694d77" }, { "id": "src-0013", "role": "coordinates" } ], "origin": "manual", "updated": "2026-10-08" } },
    { "type": "Feature", "geometry": { "type": "Point", "coordinates": [44.7658515, 41.7149349] },
      "properties": { "id": "site-0405", "city": "tbilisi", "name": { "en": "Street Dog" }, "address": { "en": "30 Simon Chikovani St, Tbilisi" },
        "precision": "street", "access": "public", "visible_from_outside": true,
        "sources": [ { "id": "src-0013", "role": "object_page", "url": "https://streetartcities.com/cities/tbilisi/markers/799e07a7-5f87-4a71-b30c-fa9c36233463" }, { "id": "src-0013", "role": "coordinates" } ], "origin": "manual", "updated": "2026-10-08" } },
    { "type": "Feature", "geometry": { "type": "Point", "coordinates": [44.7986224, 41.6997389] },
      "properties": { "id": "site-0406", "city": "tbilisi", "name": { "en": "Chapters of Fem Empowerment" }, "address": { "en": "Stamba Dead End, Tbilisi" },
        "precision": "street", "access": "public", "visible_from_outside": true,
        "sources": [ { "id": "src-0013", "role": "object_page", "url": "https://streetartcities.com/cities/tbilisi/markers/a2d187fc-a3ff-4b1c-b009-fa9933df3430" }, { "id": "src-0013", "role": "coordinates" } ], "origin": "manual", "updated": "2026-10-08" } },
    { "type": "Feature", "geometry": { "type": "Point", "coordinates": [44.7824855, 41.7355726] },
      "properties": { "id": "site-0407", "city": "tbilisi", "name": { "en": "Imagine Peace" }, "address": { "en": "110 Akaki Tsereteli Ave, Tbilisi" },
        "precision": "street", "access": "public", "visible_from_outside": true,
        "sources": [ { "id": "src-0013", "role": "object_page", "url": "https://streetartcities.com/cities/tbilisi/markers/3458612b-ec3b-44ae-9fa8-ee24192d30bb" }, { "id": "src-0013", "role": "coordinates" } ], "origin": "manual", "updated": "2026-10-08" } },
    { "type": "Feature", "geometry": { "type": "Point", "coordinates": [44.7586729, 41.719182] },
      "properties": { "id": "site-0408", "city": "tbilisi", "name": { "en": "In Love" }, "address": { "en": "30/2 Bakhtrioni St, Tbilisi" },
        "precision": "building", "access": "public", "visible_from_outside": true,
        "sources": [ { "id": "src-0013", "role": "object_page", "url": "https://streetartcities.com/cities/tbilisi/markers/39813" }, { "id": "src-0013", "role": "coordinates" } ], "origin": "manual", "updated": "2026-10-08" } },
    { "type": "Feature", "geometry": { "type": "Point", "coordinates": [44.7543496, 41.921965] },
      "properties": { "id": "site-0409", "city": "tbilisi", "name": { "en": "4GB crowd" }, "address": { "en": "Unnamed Road, Georgia" },
        "precision": "street", "access": "public", "visible_from_outside": true,
        "sources": [ { "id": "src-0013", "role": "object_page", "url": "https://streetartcities.com/cities/tbilisi/markers/32776" }, { "id": "src-0013", "role": "coordinates" } ], "origin": "manual", "updated": "2026-10-08" } },
    { "type": "Feature", "geometry": { "type": "Point", "coordinates": [44.7983059, 41.7140362] },
      "properties": { "id": "site-0410", "city": "tbilisi", "name": { "en": "Queen Tamara" }, "address": { "en": "104 Ivane Javakhishvili St, Tbilisi" },
        "precision": "street", "access": "public", "visible_from_outside": true,
        "sources": [ { "id": "src-0013", "role": "object_page", "url": "https://streetartcities.com/cities/tbilisi/markers/32694" }, { "id": "src-0013", "role": "coordinates" } ], "origin": "manual", "updated": "2026-10-08" } },
    { "type": "Feature", "geometry": { "type": "Point", "coordinates": [44.7896309, 41.7185493] },
      "properties": { "id": "site-0411", "city": "tbilisi", "name": { "en": "Supra (feast)" }, "address": { "en": "164 Davit Aghmashenebeli Ave, Tbilisi" },
        "precision": "street", "access": "public", "visible_from_outside": true,
        "sources": [ { "id": "src-0013", "role": "object_page", "url": "https://streetartcities.com/cities/tbilisi/markers/17236" }, { "id": "src-0013", "role": "coordinates" } ], "origin": "manual", "updated": "2026-10-08" } },
    { "type": "Feature", "geometry": { "type": "Point", "coordinates": [44.7965973, 41.706884] },
      "properties": { "id": "site-0412", "city": "tbilisi", "name": { "en": "Swimming with plastic" }, "address": { "en": "55 Dimitri Uznadze St, Tbilisi" },
        "precision": "street", "access": "public", "visible_from_outside": true,
        "sources": [ { "id": "src-0013", "role": "object_page", "url": "https://streetartcities.com/cities/tbilisi/markers/17148" }, { "id": "src-0013", "role": "coordinates" } ], "origin": "manual", "updated": "2026-10-08" } },
    { "type": "Feature", "geometry": { "type": "Point", "coordinates": [44.7777861, 41.7047] },
      "properties": { "id": "site-0413", "city": "tbilisi", "name": { "en": "Tied" }, "address": { "en": "9 Larsi Turne, Tbilisi" },
        "precision": "street", "access": "public", "visible_from_outside": true,
        "sources": [ { "id": "src-0013", "role": "object_page", "url": "https://streetartcities.com/cities/tbilisi/markers/b5357460-046a-49dc-84a9-4d57926f8028" }, { "id": "src-0013", "role": "coordinates" } ], "origin": "manual", "updated": "2026-10-08" } },
    { "type": "Feature", "geometry": { "type": "Point", "coordinates": [44.7769339, 41.7044985] },
      "properties": { "id": "site-0414", "city": "tbilisi", "name": { "en": "Game with nature" }, "address": { "en": "23 Korneli Kekelidze St, Tbilisi" },
        "precision": "street", "access": "public", "visible_from_outside": true,
        "sources": [ { "id": "src-0013", "role": "object_page", "url": "https://streetartcities.com/cities/tbilisi/markers/8800c448-03bb-478c-ad94-d952e09aa098" }, { "id": "src-0013", "role": "coordinates" } ], "origin": "manual", "updated": "2026-10-08" } },
    { "type": "Feature", "geometry": { "type": "Point", "coordinates": [44.8013435, 41.6890536] },
      "properties": { "id": "site-0415", "city": "tbilisi", "name": { "en": "Pheasant Garden" }, "address": { "en": "32 Lado Asatiani St, Tbilisi" },
        "precision": "street", "access": "public", "visible_from_outside": true,
        "sources": [ { "id": "src-0013", "role": "object_page", "url": "https://streetartcities.com/cities/tbilisi/markers/122c4e94-e673-4caf-9e09-bed0e2e4e05b" }, { "id": "src-0013", "role": "coordinates" } ], "origin": "manual", "updated": "2026-10-08" } },
    { "type": "Feature", "geometry": { "type": "Point", "coordinates": [44.8830308, 41.6989141] },
      "properties": { "id": "site-0416", "city": "tbilisi", "name": { "en": "The day will come when the war is over" }, "address": { "en": "2a, Tbilisi" },
        "precision": "street", "access": "public", "visible_from_outside": true,
        "sources": [ { "id": "src-0013", "role": "object_page", "url": "https://streetartcities.com/cities/tbilisi/markers/8c141e1a-e2e2-4f61-a000-9b1e6d8f1fc1" }, { "id": "src-0013", "role": "coordinates" } ], "origin": "manual", "updated": "2026-10-08" } },
    { "type": "Feature", "geometry": { "type": "Point", "coordinates": [44.767154, 41.7206154] },
      "properties": { "id": "site-0417", "city": "tbilisi", "name": { "en": "Coyote" }, "address": { "en": "13 Bakhtrioni St, Tbilisi" },
        "precision": "street", "access": "public", "visible_from_outside": true,
        "sources": [ { "id": "src-0013", "role": "object_page", "url": "https://streetartcities.com/cities/tbilisi/markers/39812" }, { "id": "src-0013", "role": "coordinates" } ], "origin": "manual", "updated": "2026-10-08" } },
    { "type": "Feature", "geometry": { "type": "Point", "coordinates": [44.8228592, 41.7990388] },
      "properties": { "id": "site-0418", "city": "tbilisi", "name": { "en": "Nature Looking back" }, "address": { "en": "61 Omar Khizanishvili St, Tbilisi" },
        "precision": "street", "access": "public", "visible_from_outside": true,
        "sources": [ { "id": "src-0013", "role": "object_page", "url": "https://streetartcities.com/cities/tbilisi/markers/32710" }, { "id": "src-0013", "role": "coordinates" } ], "origin": "manual", "updated": "2026-10-08" } },
    { "type": "Feature", "geometry": { "type": "Point", "coordinates": [44.7974924, 41.7195068] },
      "properties": { "id": "site-0419", "city": "tbilisi", "name": { "en": "A Girl with Crystal" }, "address": { "en": "73 Giorgi Chubinashvili St, Tbilisi" },
        "precision": "street", "access": "public", "visible_from_outside": true,
        "sources": [ { "id": "src-0013", "role": "object_page", "url": "https://streetartcities.com/cities/tbilisi/markers/32692" }, { "id": "src-0013", "role": "coordinates" } ], "origin": "manual", "updated": "2026-10-08" } },
    { "type": "Feature", "geometry": { "type": "Point", "coordinates": [44.7494514, 41.7120383] },
      "properties": { "id": "site-0420", "city": "tbilisi", "name": { "en": "Gangsta Feast" }, "address": { "en": "3-5 Ilia Chavchavadze Avenue, Tbilisi" },
        "precision": "street", "access": "public", "visible_from_outside": true,
        "sources": [ { "id": "src-0013", "role": "object_page", "url": "https://streetartcities.com/cities/tbilisi/markers/17235" }, { "id": "src-0013", "role": "coordinates" } ], "origin": "manual", "updated": "2026-10-08" } },
    { "type": "Feature", "geometry": { "type": "Point", "coordinates": [44.7356541, 41.7294156] },
      "properties": { "id": "site-0421", "city": "tbilisi", "name": { "en": "Rebelion" }, "address": { "en": "6a Giorgi Dzotsenidze St, Tbilisi" },
        "precision": "street", "access": "public", "visible_from_outside": true,
        "sources": [ { "id": "src-0013", "role": "object_page", "url": "https://streetartcities.com/cities/tbilisi/markers/17147" }, { "id": "src-0013", "role": "coordinates" } ], "origin": "manual", "updated": "2026-10-08" } },
    { "type": "Feature", "geometry": { "type": "Point", "coordinates": [42.701501, 42.2612248] },
      "properties": { "id": "site-0422", "city": "kutaisi", "name": { "en": "The Black Prince" }, "address": { "en": "40 David Agmashenebeli Ave, Kutaisi" },
        "precision": "street", "access": "public", "visible_from_outside": true,
        "sources": [ { "id": "src-0013", "role": "object_page", "url": "https://streetartcities.com/cities/kutaisi/markers/64b3128a-9de7-46f5-81ba-7c2f6bc42fc7" }, { "id": "src-0013", "role": "coordinates" } ], "origin": "manual", "updated": "2026-10-08" } },
    { "type": "Feature", "geometry": { "type": "Point", "coordinates": [42.7120183, 42.2023943] },
      "properties": { "id": "site-0423", "city": "kutaisi", "name": { "en": "Overthinker" }, "address": { "en": "Kutaisi International University (Akhalgazrdobis 5th lane), Kutaisi" },
        "precision": "street", "access": "public", "visible_from_outside": true,
        "sources": [ { "id": "src-0013", "role": "object_page", "url": "https://streetartcities.com/cities/kutaisi/markers/32422" }, { "id": "src-0013", "role": "coordinates" } ], "origin": "manual", "updated": "2026-10-08" } },
    { "type": "Feature", "geometry": { "type": "Point", "coordinates": [42.7120183, 42.2023943] },
      "properties": { "id": "site-0424", "city": "kutaisi", "name": { "en": "Blue Angel" }, "address": { "en": "Kutaisi International University, Kutaisi" },
        "precision": "street", "access": "public", "visible_from_outside": true,
        "sources": [ { "id": "src-0013", "role": "object_page", "url": "https://streetartcities.com/cities/kutaisi/markers/32421" }, { "id": "src-0013", "role": "coordinates" } ], "origin": "manual", "updated": "2026-10-08" } },
    { "type": "Feature", "geometry": { "type": "Point", "coordinates": [44.8017194, 41.6977] },
      "properties": { "id": "site-0425", "city": "tbilisi", "name": { "en": "Portrait of a Girl" }, "address": { "en": "14 Revaz Tabukashvili St, Tbilisi" },
        "precision": "street", "access": "public", "visible_from_outside": true,
        "sources": [ { "id": "src-0013", "role": "object_page", "url": "https://streetartcities.com/cities/tbilisi/markers/45ba1ebf-12ba-4782-b4fe-d82328914edf" }, { "id": "src-0013", "role": "coordinates" } ], "origin": "manual", "updated": "2026-10-08" } },
    { "type": "Feature", "geometry": { "type": "Point", "coordinates": [44.7723949, 41.7158431] },
      "properties": { "id": "site-0426", "city": "tbilisi", "name": { "en": "Shota Arveladze" }, "address": { "en": "37 Platon Ioseliani St, Tbilisi" },
        "precision": "street", "access": "public", "visible_from_outside": true,
        "sources": [ { "id": "src-0013", "role": "object_page", "url": "https://streetartcities.com/cities/tbilisi/markers/51f748b0-b2b9-46e3-a6eb-d0fd59e33e25" }, { "id": "src-0013", "role": "coordinates" } ], "origin": "manual", "updated": "2026-10-08" } },
    { "type": "Feature", "geometry": { "type": "Point", "coordinates": [44.7821424, 41.7344359] },
      "properties": { "id": "site-0427", "city": "tbilisi", "name": { "en": "Girl on a Scooter" }, "address": { "en": "Akaki Tsereteli Ave (PQMJ+QV6), Tbilisi" },
        "precision": "exact", "access": "public", "visible_from_outside": true,
        "sources": [ { "id": "src-0013", "role": "object_page", "url": "https://streetartcities.com/cities/tbilisi/markers/e5d31e32-7bb8-408f-a134-2ed40f7e8565" }, { "id": "src-0013", "role": "coordinates" } ], "origin": "manual", "updated": "2026-10-08" } },
    { "type": "Feature", "geometry": { "type": "Point", "coordinates": [44.7984644, 41.6900056] },
      "properties": { "id": "site-0428", "city": "tbilisi", "name": { "en": "My Home (Mój Dom)" }, "address": { "en": "15 Geronti Kikodze St, Tbilisi" },
        "precision": "street", "access": "public", "visible_from_outside": true,
        "sources": [ { "id": "src-0013", "role": "object_page", "url": "https://streetartcities.com/cities/tbilisi/markers/059ed109-7cb6-46d4-8b5c-d969ee0b3a73" }, { "id": "src-0013", "role": "coordinates" } ], "origin": "manual", "updated": "2026-10-08" } },
    { "type": "Feature", "geometry": { "type": "Point", "coordinates": [44.7944787, 41.7215628] },
      "properties": { "id": "site-0429", "city": "tbilisi", "name": { "en": "Carry On" }, "address": { "en": "8 Abastumani St, Tbilisi" },
        "precision": "street", "access": "public", "visible_from_outside": true,
        "sources": [ { "id": "src-0013", "role": "object_page", "url": "https://streetartcities.com/cities/tbilisi/markers/846e00e0-aa4d-4322-a71a-4d8608961722" }, { "id": "src-0013", "role": "coordinates" } ], "origin": "manual", "updated": "2026-10-08" } },
    { "type": "Feature", "geometry": { "type": "Point", "coordinates": [44.7373734, 41.7223992] },
      "properties": { "id": "site-0430", "city": "tbilisi", "name": { "en": "Khorumi Dance" }, "address": { "en": "15 Petre Kavtaradze St, Tbilisi" },
        "precision": "street", "access": "public", "visible_from_outside": true,
        "sources": [ { "id": "src-0013", "role": "object_page", "url": "https://streetartcities.com/cities/tbilisi/markers/18a9ebb6-8086-4255-9fb5-cef635374f3f" }, { "id": "src-0013", "role": "coordinates" } ], "origin": "manual", "updated": "2026-10-08" } },
    { "type": "Feature", "geometry": { "type": "Point", "coordinates": [44.8312481, 41.8004095] },
      "properties": { "id": "site-0431", "city": "tbilisi", "name": { "en": "Champions" }, "address": { "en": "25, Tbilisi" },
        "precision": "street", "access": "public", "visible_from_outside": true,
        "sources": [ { "id": "src-0013", "role": "object_page", "url": "https://streetartcities.com/cities/tbilisi/markers/39806" }, { "id": "src-0013", "role": "coordinates" } ], "origin": "manual", "updated": "2026-10-08" } },
    { "type": "Feature", "geometry": { "type": "Point", "coordinates": [44.77939, 41.7082033] },
      "properties": { "id": "site-0432", "city": "tbilisi", "name": { "en": "Supporting Girls" }, "address": { "en": "2/2 Ilia Chavchavadze Avenue, Tbilisi" },
        "precision": "building", "access": "public", "visible_from_outside": true,
        "sources": [ { "id": "src-0013", "role": "object_page", "url": "https://streetartcities.com/cities/tbilisi/markers/32699" }, { "id": "src-0013", "role": "coordinates" } ], "origin": "manual", "updated": "2026-10-08" } },
    { "type": "Feature", "geometry": { "type": "Point", "coordinates": [44.8753072, 41.7071538] },
      "properties": { "id": "site-0433", "city": "tbilisi", "name": { "en": "Urban Garden" }, "address": { "en": "334, Tbilisi" },
        "precision": "street", "access": "public", "visible_from_outside": true,
        "sources": [ { "id": "src-0013", "role": "object_page", "url": "https://streetartcities.com/cities/tbilisi/markers/32688" }, { "id": "src-0013", "role": "coordinates" } ], "origin": "manual", "updated": "2026-10-08" } },
    { "type": "Feature", "geometry": { "type": "Point", "coordinates": [44.8042934, 41.7010415] },
      "properties": { "id": "site-0434", "city": "tbilisi", "name": { "en": "Barbare Jorjadze" }, "address": { "en": "1, Tbilisi" },
        "precision": "street", "access": "public", "visible_from_outside": true,
        "sources": [ { "id": "src-0013", "role": "object_page", "url": "https://streetartcities.com/cities/tbilisi/markers/17221" }, { "id": "src-0013", "role": "coordinates" } ], "origin": "manual", "updated": "2026-10-08" } },
    { "type": "Feature", "geometry": { "type": "Point", "coordinates": [44.780593, 41.7076692] },
      "properties": { "id": "site-0435", "city": "tbilisi", "name": { "en": "Escape from masholand" }, "address": { "en": "3-5 Vasil Petriashvili Street, Tbilisi" },
        "precision": "street", "access": "public", "visible_from_outside": true,
        "sources": [ { "id": "src-0013", "role": "object_page", "url": "https://streetartcities.com/cities/tbilisi/markers/17146" }, { "id": "src-0013", "role": "coordinates" } ], "origin": "manual", "updated": "2026-10-08" } },
    { "type": "Feature", "geometry": { "type": "Point", "coordinates": [42.7097514, 42.2631463] },
      "properties": { "id": "site-0436", "city": "kutaisi", "name": { "en": "Fireflies" }, "address": { "en": "68 Tamar The Queen St, Kutaisi" },
        "precision": "street", "access": "public", "visible_from_outside": true,
        "sources": [ { "id": "src-0013", "role": "object_page", "url": "https://streetartcities.com/cities/kutaisi/markers/32676" }, { "id": "src-0013", "role": "coordinates" } ], "origin": "manual", "updated": "2026-10-08" } },
    { "type": "Feature", "geometry": { "type": "Point", "coordinates": [44.802625, 41.7099917] },
      "properties": { "id": "site-0437", "city": "tbilisi", "name": { "en": "Hunter" }, "address": { "en": "5 Egnate Ninoshvili St, Tbilisi" },
        "precision": "street", "access": "public", "visible_from_outside": true,
        "sources": [ { "id": "src-0013", "role": "object_page", "url": "https://streetartcities.com/cities/tbilisi/markers/e4337170-6880-4a70-a17a-5c5e1bba7d3f" }, { "id": "src-0013", "role": "coordinates" } ], "origin": "manual", "updated": "2026-10-08" } },
    { "type": "Feature", "geometry": { "type": "Point", "coordinates": [44.8767486, 41.6988297] },
      "properties": { "id": "site-0438", "city": "tbilisi", "name": { "en": "La Liberté" }, "address": { "en": "36, Tbilisi" },
        "precision": "street", "access": "public", "visible_from_outside": true,
        "sources": [ { "id": "src-0013", "role": "object_page", "url": "https://streetartcities.com/cities/tbilisi/markers/84631bd1-2341-4eeb-9f0c-d17d8d7561db" }, { "id": "src-0013", "role": "coordinates" } ], "origin": "manual", "updated": "2026-10-08" } },
    { "type": "Feature", "geometry": { "type": "Point", "coordinates": [44.7184438, 41.7135805] },
      "properties": { "id": "site-0439", "city": "tbilisi", "name": { "en": "Fiery Energy" }, "address": { "en": "Tskneti Hwy (PP79+C9P), Tbilisi" },
        "precision": "exact", "access": "public", "visible_from_outside": true,
        "sources": [ { "id": "src-0013", "role": "object_page", "url": "https://streetartcities.com/cities/tbilisi/markers/15147c1a-dff7-4000-ba7f-a2d5424fb29c" }, { "id": "src-0013", "role": "coordinates" } ], "origin": "manual", "updated": "2026-10-08" } },
    { "type": "Feature", "geometry": { "type": "Point", "coordinates": [44.7801532, 41.7155748] },
      "properties": { "id": "site-0440", "city": "tbilisi", "name": { "en": "Feast" }, "address": { "en": "1 Zaza Bendeliani St, Tbilisi" },
        "precision": "street", "access": "public", "visible_from_outside": true,
        "sources": [ { "id": "src-0013", "role": "object_page", "url": "https://streetartcities.com/cities/tbilisi/markers/98ca9c0e-a0e8-42a8-b2e2-f1d735475de5" }, { "id": "src-0013", "role": "coordinates" } ], "origin": "manual", "updated": "2026-10-08" } },
    { "type": "Feature", "geometry": { "type": "Point", "coordinates": [44.7713409, 41.7270035] },
      "properties": { "id": "site-0441", "city": "tbilisi", "name": { "en": "Kakutsa Cholokashvili" }, "address": { "en": "Sisters Ishkhnelebi St (PQGC+RG5), Tbilisi" },
        "precision": "exact", "access": "public", "visible_from_outside": true,
        "sources": [ { "id": "src-0013", "role": "object_page", "url": "https://streetartcities.com/cities/tbilisi/markers/dcfdcb21-4530-4bf7-a43b-c4f1ac8fb748" }, { "id": "src-0013", "role": "coordinates" } ], "origin": "manual", "updated": "2026-10-08" } },
    { "type": "Feature", "geometry": { "type": "Point", "coordinates": [44.7470696, 41.725384] },
      "properties": { "id": "site-0442", "city": "tbilisi", "name": { "en": "A Rugby player Girl" }, "address": { "en": "42-44 Vazha Pshavela Ave, Tbilisi" },
        "precision": "street", "access": "public", "visible_from_outside": true,
        "sources": [ { "id": "src-0013", "role": "object_page", "url": "https://streetartcities.com/cities/tbilisi/markers/39814" }, { "id": "src-0013", "role": "coordinates" } ], "origin": "manual", "updated": "2026-10-08" } },
    { "type": "Feature", "geometry": { "type": "Point", "coordinates": [44.7543737, 41.9221287] },
      "properties": { "id": "site-0443", "city": "tbilisi", "name": { "en": "Traffic lights" }, "address": { "en": "Unnamed Road, Georgia" },
        "precision": "street", "access": "public", "visible_from_outside": true,
        "sources": [ { "id": "src-0013", "role": "object_page", "url": "https://streetartcities.com/cities/tbilisi/markers/32777" }, { "id": "src-0013", "role": "coordinates" } ], "origin": "manual", "updated": "2026-10-08" } },
    { "type": "Feature", "geometry": { "type": "Point", "coordinates": [44.7587932, 41.719235] },
      "properties": { "id": "site-0444", "city": "tbilisi", "name": { "en": "Air" }, "address": { "en": "30/2 Bakhtrioni St, Tbilisi" },
        "precision": "building", "access": "public", "visible_from_outside": true,
        "sources": [ { "id": "src-0013", "role": "object_page", "url": "https://streetartcities.com/cities/tbilisi/markers/32695" }, { "id": "src-0013", "role": "coordinates" } ], "origin": "manual", "updated": "2026-10-08" } },
    { "type": "Feature", "geometry": { "type": "Point", "coordinates": [44.8840619, 41.7057681] },
      "properties": { "id": "site-0445", "city": "tbilisi", "name": { "en": "Urban Cowboy" }, "address": { "en": "39, Tbilisi" },
        "precision": "street", "access": "public", "visible_from_outside": true,
        "sources": [ { "id": "src-0013", "role": "object_page", "url": "https://streetartcities.com/cities/tbilisi/markers/32684" }, { "id": "src-0013", "role": "coordinates" } ], "origin": "manual", "updated": "2026-10-08" } },
    { "type": "Feature", "geometry": { "type": "Point", "coordinates": [44.7825848, 41.7047481] },
      "properties": { "id": "site-0446", "city": "tbilisi", "name": { "en": "Nature" }, "address": { "en": "28/47 Vasil Barnov St, Tbilisi" },
        "precision": "building", "access": "public", "visible_from_outside": true,
        "sources": [ { "id": "src-0013", "role": "object_page", "url": "https://streetartcities.com/cities/tbilisi/markers/17149" }, { "id": "src-0013", "role": "coordinates" } ], "origin": "manual", "updated": "2026-10-08" } },
    { "type": "Feature", "geometry": { "type": "Point", "coordinates": [44.749738, 41.7256397] },
      "properties": { "id": "site-0447", "city": "tbilisi", "name": { "en": "8 March" }, "address": { "en": "Vazha Pshavela Ave (PPGX+6VX), Tbilisi" },
        "precision": "exact", "access": "public", "visible_from_outside": true,
        "sources": [ { "id": "src-0013", "role": "object_page", "url": "https://streetartcities.com/cities/tbilisi/markers/1dd9b4f1-b6b4-4451-96a0-94bef2692183" }, { "id": "src-0013", "role": "coordinates" } ], "origin": "manual", "updated": "2026-10-08" } },
    { "type": "Feature", "geometry": { "type": "Point", "coordinates": [44.7193574, 41.713249] },
      "properties": { "id": "site-0448", "city": "tbilisi", "name": { "en": "Pigs on the Wings" }, "address": { "en": "2, Tbilisi" },
        "precision": "street", "access": "public", "visible_from_outside": true,
        "sources": [ { "id": "src-0013", "role": "object_page", "url": "https://streetartcities.com/cities/tbilisi/markers/73fff2a7-d4ee-4453-bc5d-52287f683ea1" }, { "id": "src-0013", "role": "coordinates" } ], "origin": "manual", "updated": "2026-10-08" } },
    { "type": "Feature", "geometry": { "type": "Point", "coordinates": [44.7628322, 41.7063664] },
      "properties": { "id": "site-0449", "city": "tbilisi", "name": { "en": "Reap What You Sow" }, "address": { "en": "36 Titsian Tabidze St, Tbilisi" },
        "precision": "street", "access": "public", "visible_from_outside": true,
        "sources": [ { "id": "src-0013", "role": "object_page", "url": "https://streetartcities.com/cities/tbilisi/markers/db4c963e-1006-49ed-ab62-72e894cda1be" }, { "id": "src-0013", "role": "coordinates" } ], "origin": "manual", "updated": "2026-10-08" } },
    { "type": "Feature", "geometry": { "type": "Point", "coordinates": [44.802099, 41.6971912] },
      "properties": { "id": "site-0450", "city": "tbilisi", "name": { "en": "David Agmashenebeli" }, "address": { "en": "17/10 Anton Purtseladze St, Tbilisi" },
        "precision": "building", "access": "public", "visible_from_outside": true,
        "sources": [ { "id": "src-0013", "role": "object_page", "url": "https://streetartcities.com/cities/tbilisi/markers/da9e1aa2-34c3-4216-bb88-c35339a1f052" }, { "id": "src-0013", "role": "coordinates" } ], "origin": "manual", "updated": "2026-10-08" } },
    { "type": "Feature", "geometry": { "type": "Point", "coordinates": [44.7930113, 41.7710199] },
      "properties": { "id": "site-0451", "city": "tbilisi", "name": { "en": "Olechka" }, "address": { "en": "70/1 David Guramishvili Ave, Tbilisi" },
        "precision": "building", "access": "public", "visible_from_outside": true,
        "sources": [ { "id": "src-0013", "role": "object_page", "url": "https://streetartcities.com/cities/tbilisi/markers/fd9d96df-2b5a-400a-9d43-ef3f56ec8c53" }, { "id": "src-0013", "role": "coordinates" } ], "origin": "manual", "updated": "2026-10-08" } },
    { "type": "Feature", "geometry": { "type": "Point", "coordinates": [44.7414048, 41.7260126] },
      "properties": { "id": "site-0452", "city": "tbilisi", "name": { "en": "Jump" }, "address": { "en": "14, Tbilisi" },
        "precision": "street", "access": "public", "visible_from_outside": true,
        "sources": [ { "id": "src-0013", "role": "object_page", "url": "https://streetartcities.com/cities/tbilisi/markers/39805" }, { "id": "src-0013", "role": "coordinates" } ], "origin": "manual", "updated": "2026-10-08" } },
    { "type": "Feature", "geometry": { "type": "Point", "coordinates": [44.7576295, 41.7082115] },
      "properties": { "id": "site-0453", "city": "tbilisi", "name": { "en": "My Moon (monkey)" }, "address": { "en": "68 Irakli Abashidze Street, Tbilisi" },
        "precision": "street", "access": "public", "visible_from_outside": true,
        "sources": [ { "id": "src-0013", "role": "object_page", "url": "https://streetartcities.com/cities/tbilisi/markers/32697" }, { "id": "src-0013", "role": "coordinates" } ], "origin": "manual", "updated": "2026-10-08" } },
    { "type": "Feature", "geometry": { "type": "Point", "coordinates": [44.8809102, 41.7035678] },
      "properties": { "id": "site-0454", "city": "tbilisi", "name": { "en": "Wind is blowing" }, "address": { "en": "319a, Tbilisi" },
        "precision": "street", "access": "public", "visible_from_outside": true,
        "sources": [ { "id": "src-0013", "role": "object_page", "url": "https://streetartcities.com/cities/tbilisi/markers/32687" }, { "id": "src-0013", "role": "coordinates" } ], "origin": "manual", "updated": "2026-10-08" } },
    { "type": "Feature", "geometry": { "type": "Point", "coordinates": [44.7662964, 41.7237581] },
      "properties": { "id": "site-0455", "city": "tbilisi", "name": { "en": "One mother" }, "address": { "en": "1 Archil Tsagareli St, Tbilisi" },
        "precision": "street", "access": "public", "visible_from_outside": true,
        "sources": [ { "id": "src-0013", "role": "object_page", "url": "https://streetartcities.com/cities/tbilisi/markers/17220" }, { "id": "src-0013", "role": "coordinates" } ], "origin": "manual", "updated": "2026-10-08" } },
    { "type": "Feature", "geometry": { "type": "Point", "coordinates": [44.79926, 41.7048738] },
      "properties": { "id": "site-0456", "city": "tbilisi", "name": { "en": "Fisherman" }, "address": { "en": "41 Dimitri Uznadze St, Tbilisi" },
        "precision": "street", "access": "public", "visible_from_outside": true,
        "sources": [ { "id": "src-0013", "role": "object_page", "url": "https://streetartcities.com/cities/tbilisi/markers/17144" }, { "id": "src-0013", "role": "coordinates" } ], "origin": "manual", "updated": "2026-10-08" } },
    { "type": "Feature", "geometry": { "type": "Point", "coordinates": [42.7094886, 42.2590888] },
      "properties": { "id": "site-0457", "city": "kutaisi", "name": { "en": "miss you" }, "address": { "en": "128 Tsereteli St, Kutaisi" },
        "precision": "street", "access": "public", "visible_from_outside": true,
        "sources": [ { "id": "src-0013", "role": "object_page", "url": "https://streetartcities.com/cities/kutaisi/markers/32661" }, { "id": "src-0013", "role": "coordinates" } ], "origin": "manual", "updated": "2026-10-08" } },
    { "type": "Feature", "geometry": { "type": "Point", "coordinates": [42.7120183, 42.2023943] },
      "properties": { "id": "site-0458", "city": "kutaisi", "name": { "en": "Knowledge Is Power" }, "address": { "en": "Kutaisi International University, Kutaisi" },
        "precision": "street", "access": "public", "visible_from_outside": true,
        "sources": [ { "id": "src-0013", "role": "object_page", "url": "https://streetartcities.com/cities/kutaisi/markers/32427" }, { "id": "src-0013", "role": "coordinates" } ], "origin": "manual", "updated": "2026-10-08" } },
    { "type": "Feature", "geometry": { "type": "Point", "coordinates": [42.7125762, 42.204556] },
      "properties": { "id": "site-0459", "city": "kutaisi", "name": { "en": "Girl With Cat" }, "address": { "en": "Kutaisi International University, Kutaisi" },
        "precision": "street", "access": "public", "visible_from_outside": true,
        "sources": [ { "id": "src-0013", "role": "object_page", "url": "https://streetartcities.com/cities/kutaisi/markers/32407" }, { "id": "src-0013", "role": "coordinates" } ], "origin": "manual", "updated": "2026-10-08" } },
    { "type": "Feature", "geometry": { "type": "Point", "coordinates": [44.8030917, 41.7092944] },
      "properties": { "id": "site-0460", "city": "tbilisi", "name": { "en": "Dog with Hand" }, "address": { "en": "1 Egnate Ninoshvili St, Tbilisi" },
        "precision": "street", "access": "public", "visible_from_outside": true,
        "sources": [ { "id": "src-0013", "role": "object_page", "url": "https://streetartcities.com/cities/tbilisi/markers/a403c406-52a3-4d80-bf12-1544f612da01" }, { "id": "src-0013", "role": "coordinates" } ], "origin": "manual", "updated": "2026-10-08" } },
    { "type": "Feature", "geometry": { "type": "Point", "coordinates": [44.8066688, 41.6911581] },
      "properties": { "id": "site-0461", "city": "tbilisi", "name": { "en": "Cocaine" }, "address": { "en": "39 Kote Afkhazi St, Tbilisi" },
        "precision": "street", "access": "public", "visible_from_outside": true,
        "sources": [ { "id": "src-0013", "role": "object_page", "url": "https://streetartcities.com/cities/tbilisi/markers/0eac7cef-410a-4798-b1da-12926acec139" }, { "id": "src-0013", "role": "coordinates" } ], "origin": "manual", "updated": "2026-10-08" } },
    { "type": "Feature", "geometry": { "type": "Point", "coordinates": [44.7186618, 41.7136428] },
      "properties": { "id": "site-0462", "city": "tbilisi", "name": { "en": "Red Riding Hood" }, "address": { "en": "Vazisubani (PP79+FF3), Tbilisi" },
        "precision": "exact", "access": "public", "visible_from_outside": true,
        "sources": [ { "id": "src-0013", "role": "object_page", "url": "https://streetartcities.com/cities/tbilisi/markers/f4fb9311-a297-4b86-b9f4-065417ac5745" }, { "id": "src-0013", "role": "coordinates" } ], "origin": "manual", "updated": "2026-10-08" } },
    { "type": "Feature", "geometry": { "type": "Point", "coordinates": [44.872437, 41.7015996] },
      "properties": { "id": "site-0463", "city": "tbilisi", "name": { "en": "Our Own Roof" }, "address": { "en": "7a, Tbilisi" },
        "precision": "street", "access": "public", "visible_from_outside": true,
        "sources": [ { "id": "src-0013", "role": "object_page", "url": "https://streetartcities.com/cities/tbilisi/markers/b48ed07d-de26-4ef2-8a34-ed963912b8b0" }, { "id": "src-0013", "role": "coordinates" } ], "origin": "manual", "updated": "2026-10-08" } },
    { "type": "Feature", "geometry": { "type": "Point", "coordinates": [44.7702567, 41.7055233] },
      "properties": { "id": "site-0464", "city": "tbilisi", "name": { "en": "Pomegranate and oak. Thyme and rose" }, "address": { "en": "6 Mtskheta II Turn, Tbilisi" },
        "precision": "street", "access": "public", "visible_from_outside": true,
        "sources": [ { "id": "src-0013", "role": "object_page", "url": "https://streetartcities.com/cities/tbilisi/markers/319cc388-b64c-443f-bffd-b95395510bf4" }, { "id": "src-0013", "role": "coordinates" } ], "origin": "manual", "updated": "2026-10-08" } },
    { "type": "Feature", "geometry": { "type": "Point", "coordinates": [44.8821564, 41.703428] },
      "properties": { "id": "site-0465", "city": "tbilisi", "name": { "en": "Feline Dancer" }, "address": { "en": "2 Nikoloz Landia St, Tbilisi" },
        "precision": "street", "access": "public", "visible_from_outside": true,
        "sources": [ { "id": "src-0013", "role": "object_page", "url": "https://streetartcities.com/cities/tbilisi/markers/9337aeb1-f185-4609-a74a-f9333bed2722" }, { "id": "src-0013", "role": "coordinates" } ], "origin": "manual", "updated": "2026-10-08" } },
    { "type": "Feature", "geometry": { "type": "Point", "coordinates": [44.7954486, 41.7084621] },
      "properties": { "id": "site-0466", "city": "tbilisi", "name": { "en": "Flying Painter" }, "address": { "en": "9 Kote Marjanishvili St, Tbilisi" },
        "precision": "street", "access": "public", "visible_from_outside": true,
        "sources": [ { "id": "src-0013", "role": "object_page", "url": "https://streetartcities.com/cities/tbilisi/markers/39856" }, { "id": "src-0013", "role": "coordinates" } ], "origin": "manual", "updated": "2026-10-08" } },
    { "type": "Feature", "geometry": { "type": "Point", "coordinates": [44.84217, 41.7057589] },
      "properties": { "id": "site-0467", "city": "tbilisi", "name": { "en": "Big Face" }, "address": { "en": "11, Tbilisi" },
        "precision": "street", "access": "public", "visible_from_outside": true,
        "sources": [ { "id": "src-0013", "role": "object_page", "url": "https://streetartcities.com/cities/tbilisi/markers/39804" }, { "id": "src-0013", "role": "coordinates" } ], "origin": "manual", "updated": "2026-10-08" } },
    { "type": "Feature", "geometry": { "type": "Point", "coordinates": [44.8218121, 41.7721822] },
      "properties": { "id": "site-0468", "city": "tbilisi", "name": { "en": "Home" }, "address": { "en": "50, Tbilisi" },
        "precision": "street", "access": "public", "visible_from_outside": true,
        "sources": [ { "id": "src-0013", "role": "object_page", "url": "https://streetartcities.com/cities/tbilisi/markers/32696" }, { "id": "src-0013", "role": "coordinates" } ], "origin": "manual", "updated": "2026-10-08" } },
    { "type": "Feature", "geometry": { "type": "Point", "coordinates": [44.8786132, 41.7083398] },
      "properties": { "id": "site-0469", "city": "tbilisi", "name": { "en": "Girl vs Dragon" }, "address": { "en": "412, Tbilisi" },
        "precision": "street", "access": "public", "visible_from_outside": true,
        "sources": [ { "id": "src-0013", "role": "object_page", "url": "https://streetartcities.com/cities/tbilisi/markers/32685" }, { "id": "src-0013", "role": "coordinates" } ], "origin": "manual", "updated": "2026-10-08" } },
    { "type": "Feature", "geometry": { "type": "Point", "coordinates": [44.849969, 41.676685] },
      "properties": { "id": "site-0470", "city": "tbilisi", "name": { "en": "End of War" }, "address": { "en": "Elektrowerk, Tbilisi" },
        "precision": "street", "access": "public", "visible_from_outside": true,
        "sources": [ { "id": "src-0013", "role": "object_page", "url": "https://streetartcities.com/cities/tbilisi/markers/17219" }, { "id": "src-0013", "role": "coordinates" } ], "origin": "manual", "updated": "2026-10-08" } },
    { "type": "Feature", "geometry": { "type": "Point", "coordinates": [44.885687, 41.7041146] },
      "properties": { "id": "site-0471", "city": "tbilisi", "name": { "en": "Peace" }, "address": { "en": "29a, Tbilisi" },
        "precision": "street", "access": "public", "visible_from_outside": true,
        "sources": [ { "id": "src-0013", "role": "object_page", "url": "https://streetartcities.com/cities/tbilisi/markers/b8e32947-ddeb-4744-929e-167babead016" }, { "id": "src-0013", "role": "coordinates" } ], "origin": "manual", "updated": "2026-10-08" } },
    { "type": "Feature", "geometry": { "type": "Point", "coordinates": [42.7120183, 42.2023943] },
      "properties": { "id": "site-0472", "city": "kutaisi", "name": { "en": "Care" }, "address": { "en": "Kutaisi International University, Kutaisi" },
        "precision": "street", "access": "public", "visible_from_outside": true,
        "sources": [ { "id": "src-0013", "role": "object_page", "url": "https://streetartcities.com/cities/kutaisi/markers/32424" }, { "id": "src-0013", "role": "coordinates" } ], "origin": "manual", "updated": "2026-10-08" } },
    { "type": "Feature", "geometry": { "type": "Point", "coordinates": [44.81945, 41.7910092] },
      "properties": { "id": "site-0473", "city": "tbilisi", "name": { "en": "Tbilisi Mural Fest 2020 — INO" }, "address": { "en": "Plus Code QRR9+8Q6, Tbilisi" },
        "precision": "exact", "access": "public", "visible_from_outside": true,
        "sources": [ { "id": "src-0013", "role": "object_page", "url": "https://streetartcities.com/cities/tbilisi/markers/b726dcc2-5039-4ecc-b3d4-88de544a03a3" }, { "id": "src-0013", "role": "coordinates" } ], "origin": "manual", "updated": "2026-10-08" } },
    { "type": "Feature", "geometry": { "type": "Point", "coordinates": [44.8725009, 41.6991352] },
      "properties": { "id": "site-0474", "city": "tbilisi", "name": { "en": "Tbilisi Mural Fest 2021 — Irakli Kadeishvili" }, "address": { "en": "33, Tbilisi" },
        "precision": "street", "access": "public", "visible_from_outside": true,
        "sources": [ { "id": "src-0013", "role": "object_page", "url": "https://streetartcities.com/cities/tbilisi/markers/61935063-d955-4bbd-b2da-276d6308711b" }, { "id": "src-0013", "role": "coordinates" } ], "origin": "manual", "updated": "2026-10-08" } },
    { "type": "Feature", "geometry": { "type": "Point", "coordinates": [44.7102703, 41.7208807] },
      "properties": { "id": "site-0476", "city": "tbilisi", "name": { "en": "Tbilisi Mural Fest 2022 — Kera" }, "address": { "en": "29 Ana Politkovskaia St, Tbilisi" },
        "precision": "building", "access": "public", "visible_from_outside": true,
        "sources": [ { "id": "src-0013", "role": "object_page", "url": "https://streetartcities.com/cities/tbilisi/markers/16825d8b-563c-4210-9bc4-735f7f816f15" }, { "id": "src-0013", "role": "coordinates" } ], "origin": "manual", "updated": "2026-10-08" } },
    { "type": "Feature", "geometry": { "type": "Point", "coordinates": [44.7723104, 41.7209599] },
      "properties": { "id": "site-0478", "city": "tbilisi", "name": { "en": "Tbilisi Mural Fest 2022 — Fintan Magee" }, "address": { "en": "12 Bakhtrioni St, Tbilisi" },
        "precision": "building", "access": "public", "visible_from_outside": true,
        "sources": [ { "id": "src-0013", "role": "object_page", "url": "https://streetartcities.com/cities/tbilisi/markers/bc5c2178-f2d9-4ab0-968b-c6789c883eb3" }, { "id": "src-0013", "role": "coordinates" } ], "origin": "manual", "updated": "2026-10-08" } },
    { "type": "Feature", "geometry": { "type": "Point", "coordinates": [44.7862289, 41.7016347] },
      "properties": { "id": "site-0479", "city": "tbilisi", "name": { "en": "Tbilisi Mural Fest 2022 — Luis Gomez" }, "address": { "en": "31b Kote Makashvili St, Tbilisi" },
        "precision": "building", "access": "public", "visible_from_outside": true,
        "sources": [ { "id": "src-0013", "role": "object_page", "url": "https://streetartcities.com/cities/tbilisi/markers/6fceee21-6cbc-4778-abe3-b3c4342c19ce" }, { "id": "src-0013", "role": "coordinates" } ], "origin": "manual", "updated": "2026-10-08" } },
    { "type": "Feature", "geometry": { "type": "Point", "coordinates": [44.8820667, 41.7079389] },
      "properties": { "id": "site-0480", "city": "tbilisi", "name": { "en": "Tbilisi Mural Fest 2024 — Shozy" }, "address": { "en": "Varketili 3, 4 mkr, Sesilia Takaishvili St, Tbilisi" },
        "precision": "street", "access": "public", "visible_from_outside": true,
        "sources": [ { "id": "src-0013", "role": "object_page", "url": "https://streetartcities.com/cities/tbilisi/markers/959fb781-5163-4eed-b2e0-00e5e879c2e1" }, { "id": "src-0013", "role": "coordinates" } ], "origin": "manual", "updated": "2026-10-08" } },
    { "type": "Feature", "geometry": { "type": "Point", "coordinates": [44.8046859, 41.7010584] },
      "properties": { "id": "site-0481", "city": "tbilisi", "name": { "en": "Tbilisi Mural Fest 2019 — Wietse" }, "address": { "en": "1 Rome St, Tbilisi" },
        "precision": "building", "access": "public", "visible_from_outside": true,
        "sources": [ { "id": "src-0013", "role": "object_page", "url": "https://streetartcities.com/cities/tbilisi/markers/918763bd-07a1-482e-b390-fbc6a839ec71" }, { "id": "src-0013", "role": "coordinates" } ], "origin": "manual", "updated": "2026-10-08" } },
    { "type": "Feature", "geometry": { "type": "Point", "coordinates": [44.8008867, 41.6894535] },
      "properties": { "id": "site-0482", "city": "tbilisi", "name": { "en": "Tbilisi Mural Fest 2024 — Wedo" }, "address": { "en": "34 Lado Asatiani St, Tbilisi" },
        "precision": "building", "access": "public", "visible_from_outside": true,
        "sources": [ { "id": "src-0013", "role": "object_page", "url": "https://streetartcities.com/cities/tbilisi/markers/84797c7a-7608-4be2-b1db-3c94b08e8bb6" }, { "id": "src-0013", "role": "coordinates" } ], "origin": "manual", "updated": "2026-10-08" } },
    { "type": "Feature", "geometry": { "type": "Point", "coordinates": [44.759957, 41.7189174] },
      "properties": { "id": "site-0483", "city": "tbilisi", "name": { "en": "Tbilisi Mural Fest — Noah Kauertz & Aphe" }, "address": { "en": "1 Bakhtrioni St, Tbilisi" },
        "precision": "building", "access": "public", "visible_from_outside": true,
        "sources": [ { "id": "src-0013", "role": "object_page", "url": "https://streetartcities.com/cities/tbilisi/markers/32430" }, { "id": "src-0013", "role": "coordinates" } ], "origin": "manual", "updated": "2026-10-08" } },
    { "type": "Feature", "geometry": { "type": "Point", "coordinates": [44.8031035, 41.7090753] },
      "properties": { "id": "site-0484", "city": "tbilisi", "name": { "en": "Tbilisi Mural Fest — Farm Prod." }, "address": { "en": "2 Egnate Ninoshvili St, Tbilisi" },
        "precision": "building", "access": "public", "visible_from_outside": true,
        "sources": [ { "id": "src-0013", "role": "object_page", "url": "https://streetartcities.com/cities/tbilisi/markers/10301855-1ab9-49ea-9537-e9e2bbd1ca87" }, { "id": "src-0013", "role": "coordinates" } ], "origin": "manual", "updated": "2026-10-08" } },
    { "type": "Feature", "geometry": { "type": "Point", "coordinates": [44.7887227, 41.6892068] },
      "properties": { "id": "site-0485", "city": "tbilisi", "name": { "en": "Tbilisi Mural Fest — Luka Japaridze & V45" }, "address": { "en": "11 Bolo Rise, Tbilisi" },
        "precision": "building", "access": "public", "visible_from_outside": true,
        "sources": [ { "id": "src-0013", "role": "object_page", "url": "https://streetartcities.com/cities/tbilisi/markers/32426" }, { "id": "src-0013", "role": "coordinates" } ], "origin": "manual", "updated": "2026-10-08" } },
    { "type": "Feature", "geometry": { "type": "Point", "coordinates": [44.7877274, 41.7205848] },
      "properties": { "id": "site-0486", "city": "tbilisi", "name": { "en": "Tbilisi Mural Fest — Giorgi Maskharashvili" }, "address": { "en": "182 Davit Aghmashenebeli Ave, Tbilisi" },
        "precision": "building", "access": "public", "visible_from_outside": true,
        "sources": [ { "id": "src-0013", "role": "object_page", "url": "https://streetartcities.com/cities/tbilisi/markers/32414" }, { "id": "src-0013", "role": "coordinates" } ], "origin": "manual", "updated": "2026-10-08" } },
    { "type": "Feature", "geometry": { "type": "Point", "coordinates": [44.7877274, 41.7205848] },
      "properties": { "id": "site-0487", "city": "tbilisi", "name": { "en": "Tbilisi Mural Fest — El Bocho" }, "address": { "en": "182 Davit Aghmashenebeli Ave, Tbilisi" },
        "precision": "building", "access": "public", "visible_from_outside": true,
        "sources": [ { "id": "src-0013", "role": "object_page", "url": "https://streetartcities.com/cities/tbilisi/markers/32413" }, { "id": "src-0013", "role": "coordinates" } ], "origin": "manual", "updated": "2026-10-08" } },
    { "type": "Feature", "geometry": { "type": "Point", "coordinates": [44.8760041, 41.7060819] },
      "properties": { "id": "site-0489", "city": "tbilisi", "name": { "en": "Tbilisi Mural Fest — Artez (Varketili)" }, "address": { "en": "Varketili III (327), Tbilisi" },
        "precision": "street", "access": "public", "visible_from_outside": true,
        "sources": [ { "id": "src-0013", "role": "object_page", "url": "https://streetartcities.com/cities/tbilisi/markers/32393" }, { "id": "src-0013", "role": "coordinates" } ], "origin": "manual", "updated": "2026-10-08" } },
    { "type": "Feature", "geometry": { "type": "Point", "coordinates": [42.7146732, 42.2023977] },
      "properties": { "id": "site-0490", "city": "kutaisi", "name": { "en": "KIU Mural Fest 2020 — Innerfields" }, "address": { "en": "Chognari (6P37+3G2), Kutaisi" },
        "precision": "exact", "access": "public", "visible_from_outside": true,
        "sources": [ { "id": "src-0013", "role": "object_page", "url": "https://streetartcities.com/cities/kutaisi/markers/32418" }, { "id": "src-0013", "role": "coordinates" } ], "origin": "manual", "updated": "2026-10-08" } },
    { "type": "Feature", "geometry": { "type": "Point", "coordinates": [42.6877486, 42.2312268] },
      "properties": { "id": "site-0492", "city": "kutaisi", "name": { "en": "Tbilisi Mural Fest 2025 (Kutaisi) — Irakli Kadeishvili" }, "address": { "en": "32 Nikea II Lane, Kutaisi" },
        "precision": "building", "access": "public", "visible_from_outside": true,
        "sources": [ { "id": "src-0013", "role": "object_page", "url": "https://streetartcities.com/cities/kutaisi/markers/d50caa45-030a-4c47-b307-8995a7207187" }, { "id": "src-0013", "role": "coordinates" } ], "origin": "manual", "updated": "2026-10-08" } },
    { "type": "Feature", "geometry": { "type": "Point", "coordinates": [42.6886594, 42.2305468] },
      "properties": { "id": "site-0493", "city": "kutaisi", "name": { "en": "Tbilisi Mural Fest 2024 (Kutaisi) — INO" }, "address": { "en": "64a Nikea St, Kutaisi" },
        "precision": "building", "access": "public", "visible_from_outside": true,
        "sources": [ { "id": "src-0013", "role": "object_page", "url": "https://streetartcities.com/cities/kutaisi/markers/566e82be-4e52-44ff-8f56-26c18ee79125" }, { "id": "src-0013", "role": "coordinates" } ], "origin": "manual", "updated": "2026-10-08" } },
    { "type": "Feature", "geometry": { "type": "Point", "coordinates": [42.6929029, 42.2452107] },
      "properties": { "id": "site-0494", "city": "kutaisi", "name": { "en": "Tbilisi Mural Fest 2024 (Kutaisi) — Cristian Scutaru" }, "address": { "en": "6MWV+447, Kutaisi" },
        "precision": "exact", "access": "public", "visible_from_outside": true,
        "sources": [ { "id": "src-0013", "role": "object_page", "url": "https://streetartcities.com/cities/kutaisi/markers/3a73c91f-9851-40d1-a793-e8e9c80596a5" }, { "id": "src-0013", "role": "coordinates" } ], "origin": "manual", "updated": "2026-10-08" } },
    { "type": "Feature", "geometry": { "type": "Point", "coordinates": [42.7150676, 42.2024065] },
      "properties": { "id": "site-0495", "city": "kutaisi", "name": { "en": "Tbilisi Mural Fest 2020 (Kutaisi, KIU) — Case Maclaim" }, "address": { "en": "Chognari (6P37+3G2), Kutaisi" },
        "precision": "exact", "access": "public", "visible_from_outside": true,
        "sources": [ { "id": "src-0013", "role": "object_page", "url": "https://streetartcities.com/cities/kutaisi/markers/2f25386a-f637-4625-bedc-671d17be0d21" }, { "id": "src-0013", "role": "coordinates" } ], "origin": "manual", "updated": "2026-10-08" } },
    { "type": "Feature", "geometry": { "type": "Point", "coordinates": [41.659141, 42.142569] },
      "properties": { "id": "site-0496", "city": "poti", "name": { "en": "Dolphins" }, "address": { "en": "Queen Tamara St 94, Poti" },
        "precision": "street", "access": "public", "visible_from_outside": true,
        "sources": [ { "id": "src-0013", "role": "object_page", "url": "https://madloba.info/en/poti/street-art/mural-delfiny/" }, { "id": "src-0013", "role": "coordinates" } ], "origin": "manual", "updated": "2026-10-08" } },
    { "type": "Feature", "geometry": { "type": "Point", "coordinates": [41.658068, 42.142357] },
      "properties": { "id": "site-0497", "city": "poti", "name": { "en": "Argonauts and the Golden Fleece" }, "address": { "en": "Embankment St, Poti" },
        "precision": "street", "access": "public", "visible_from_outside": true,
        "sources": [ { "id": "src-0013", "role": "object_page", "url": "https://madloba.info/en/poti/street-art/mural-argonavty-i-zolotoe-runo/" }, { "id": "src-0013", "role": "coordinates" } ], "origin": "manual", "updated": "2026-10-08" } },
    { "type": "Feature", "geometry": { "type": "Point", "coordinates": [41.67652, 42.14332] },
      "properties": { "id": "site-0498", "city": "poti", "name": { "en": "Lighthouse Poti and Niko Nikoladze" }, "address": { "en": "Rustaveli Embankment x Merab Kostava St, Poti" },
        "precision": "street", "access": "public", "visible_from_outside": true,
        "sources": [ { "id": "src-0013", "role": "object_page", "url": "https://madloba.info/en/poti/street-art/mural-maiak-poti-i-niko-nikoladze/" }, { "id": "src-0013", "role": "coordinates" } ], "origin": "manual", "updated": "2026-10-08" } },
    { "type": "Feature", "geometry": { "type": "Point", "coordinates": [41.6436465, 41.6377915] },
      "properties": { "id": "site-0499", "city": "batumi", "name": { "en": "Abstract" }, "address": { "en": "70 Bagrationi St, Batumi" },
        "precision": "building", "access": "public", "visible_from_outside": true,
        "sources": [ { "id": "src-0013", "role": "object_page", "url": "https://streetartcities.com/cities/batumi/markers/3db9a1b9-4d7f-4f4a-ae21-ffe5b283456a" }, { "id": "src-0013", "role": "coordinates" } ], "origin": "manual", "updated": "2026-10-08" } },
    { "type": "Feature", "geometry": { "type": "Point", "coordinates": [41.6252579, 41.6435425] },
      "properties": { "id": "site-0500", "city": "batumi", "name": { "en": "Abstract" }, "address": { "en": "128 Vakhtang Gorgasali St, Batumi" },
        "precision": "building", "access": "public", "visible_from_outside": true,
        "sources": [ { "id": "src-0013", "role": "object_page", "url": "https://streetartcities.com/cities/batumi/markers/39819" }, { "id": "src-0013", "role": "coordinates" } ], "origin": "manual", "updated": "2026-10-08" } },
    { "type": "Feature", "geometry": { "type": "Point", "coordinates": [41.6230317, 41.644216] },
      "properties": { "id": "site-0501", "city": "batumi", "name": { "en": "Abstract" }, "address": { "en": "66 Zurab Gorgiladze St, Batumi" },
        "precision": "building", "access": "public", "visible_from_outside": true,
        "sources": [ { "id": "src-0013", "role": "object_page", "url": "https://streetartcities.com/cities/batumi/markers/39820" }, { "id": "src-0013", "role": "coordinates" } ], "origin": "manual", "updated": "2026-10-08" } },
    { "type": "Feature", "geometry": { "type": "Point", "coordinates": [44.7886117, 41.7261887] },
      "properties": { "id": "site-0502", "city": "tbilisi", "name": { "en": "Abstract" }, "address": { "en": "12a Akaki Tsereteli Ave, Tbilisi" },
        "precision": "building", "access": "public", "visible_from_outside": true,
        "sources": [ { "id": "src-0013", "role": "object_page", "url": "https://streetartcities.com/cities/tbilisi/markers/39809" }, { "id": "src-0013", "role": "coordinates" } ], "origin": "manual", "updated": "2026-10-08" } },
    { "type": "Feature", "geometry": { "type": "Point", "coordinates": [44.7594477, 41.7194192] },
      "properties": { "id": "site-0503", "city": "tbilisi", "name": { "en": "Abstract" }, "address": { "en": "30 Bakhtrioni St, Tbilisi" },
        "precision": "building", "access": "public", "visible_from_outside": true,
        "sources": [ { "id": "src-0013", "role": "object_page", "url": "https://streetartcities.com/cities/tbilisi/markers/32425" }, { "id": "src-0013", "role": "coordinates" } ], "origin": "manual", "updated": "2026-10-08" } },
    { "type": "Feature", "geometry": { "type": "Point", "coordinates": [44.7673793, 41.732366] },
      "properties": { "id": "site-0504", "city": "tbilisi", "name": { "en": "Amirani (Prometheus)" }, "address": { "en": "1 Sofrom Mgaloblishvili St, Tbilisi" },
        "precision": "building", "access": "public", "visible_from_outside": true,
        "sources": [ { "id": "src-0013", "role": "object_page", "url": "https://streetartcities.com/cities/tbilisi/markers/635ee5ae-6b39-4ffc-88f7-f5c174857954" }, { "id": "src-0013", "role": "coordinates" } ], "origin": "manual", "updated": "2026-10-08" } },
    { "type": "Feature", "geometry": { "type": "Point", "coordinates": [42.6779297, 42.2691645] },
      "properties": { "id": "site-0505", "city": "kutaisi", "name": { "en": "Abstract" }, "address": { "en": "7M9H+M5 (basketball court), Kutaisi" },
        "precision": "exact", "access": "public", "visible_from_outside": true,
        "sources": [ { "id": "src-0013", "role": "object_page", "url": "https://streetartcities.com/cities/kutaisi/markers/39807" }, { "id": "src-0013", "role": "coordinates" } ], "origin": "manual", "updated": "2026-10-08" } },
    { "type": "Feature", "geometry": { "type": "Point", "coordinates": [42.6994625, 42.2676005] },
      "properties": { "id": "site-0506", "city": "kutaisi", "name": { "en": "Cosmic girl" }, "address": { "en": "15 Joseb Grishashvili Street, Kutaisi" },
        "precision": "building", "access": "public", "visible_from_outside": true,
        "sources": [ { "id": "src-0013", "role": "object_page", "url": "https://streetartcities.com/cities/kutaisi/markers/32662" }, { "id": "src-0013", "role": "coordinates" } ], "origin": "manual", "updated": "2026-10-08" } },
    { "type": "Feature", "geometry": { "type": "Point", "coordinates": [42.7120183, 42.2023943] },
      "properties": { "id": "site-0507", "city": "kutaisi", "name": { "en": "Trust" }, "address": { "en": "Kutaisi International University, Kutaisi" },
        "precision": "street", "access": "public", "visible_from_outside": true,
        "sources": [ { "id": "src-0013", "role": "object_page", "url": "https://streetartcities.com/cities/kutaisi/markers/32419" }, { "id": "src-0013", "role": "coordinates" } ], "origin": "manual", "updated": "2026-10-08" } },
    { "type": "Feature", "geometry": { "type": "Point", "coordinates": [44.7988667, 41.6993] },
      "properties": { "id": "site-0508", "city": "tbilisi", "name": { "en": "Hunter" }, "address": { "en": "6 Gia Chanturia St (corner Shota Rustaveli Ave), Tbilisi" },
        "precision": "building", "access": "public", "visible_from_outside": true,
        "sources": [ { "id": "src-0013", "role": "object_page", "url": "https://streetartcities.com/cities/tbilisi/markers/97c95b8c-6f8a-4130-8119-b2bae7505de6" }, { "id": "src-0013", "role": "coordinates" } ], "origin": "manual", "updated": "2026-10-08" } }
  ]
}